Vehicle_ID,Distance,Date,Price,Delay Time,Start time,End time,Transport Mode,IsDelay
1000001,22.0,2022-04-08,1.65,3,2022-06-20 18:03:05,2022-07-31 05:52:02,King County Metro (Bus),1
1000002,13.0,2022-04-11,4.59,0,2024-05-09 13:33:01,2022-02-05 00:37:08,Monorail,0
1000003,36.0,2024-05-22,2.43,1,2023-01-11 18:58:08,2022-03-07 12:05:31,King County Metro (Bus),1
1000004,27.0,2022-11-07,4.57,0,2022-03-23 07:17:10,2024-10-06 09:31:34,Streetcar (tram),0
1000005,34.0,2024-02-19,4.16,1,2024-07-17 03:21:32,2022-11-06 06:00:54,Link light Rail (train),1
1000006,25.0,2023-02-10,2.71,6,2023-12-14 22:03:22,2022-06-13 10:43:36,Monorail,1
1000007,2.0,2024-09-28,4.72,5,2024-09-21 20:29:11,2024-05-06 11:00:50,Streetcar (tram),1
1000008,5.0,2024-08-21,3.26,2,2022-07-10 16:26:44,2022-08-08 05:09:15,Link light Rail (train),1
1000009,6.0,2024-10-08,4.31,0,2022-07-05 09:35:17,2022-10-01 12:44:22,Link light Rail (train),0
1000010,33.0,2022-02-24,1.14,7,2022-04-09 03:40:15,2023-09-04 06:14:29,King County Metro (Bus),1
1000011,7.0,2022-09-28,3.41,1,2024-12-01 07:02:00,2024-02-02 11:56:54,Monorail,1
1000012,18.0,2024-03-29,1.81,1,2024-03-01 03:07:18,2023-03-20 01:53:14,Link light Rail (train),1
1000013,8.0,2023-09-05,1.46,7,2022-01-12 04:21:59,2022-09-02 17:41:16,Streetcar (tram),1
1000014,28.0,2022-12-16,4.22,1,2024-04-04 08:26:18,2022-06-13 05:13:09,King County Metro (Bus),1
1000015,5.0,2024-06-12,2.0,2,2023-03-25 11:47:35,2023-05-28 16:39:50,Streetcar (tram),1
1000016,8.0,2024-05-23,,6,2024-01-17 18:08:43,2023-09-08 05:57:19,Streetcar (tram),1
1000017,30.0,2024-07-20,3.62,4,2022-07-04 23:02:07,2024-12-14 20:26:34,Monorail,1
1000018,18.0,2023-11-19,2.41,5,2024-02-04 14:17:25,2022-05-30 04:27:32,King County Metro (Bus),1
1000019,5.0,2022-07-14,4.57,5,2023-03-01 09:16:30,2024-03-29 10:45:48,Link light Rail (train),1
1000020,36.0,2022-11-27,3.4,0,2022-06-01 21:34:53,2023-10-21 08:53:27,Link light Rail (train),0
1000021,27.0,2023-08-27,3.33,7,2022-07-28 01:49:38,2023-11-04 18:35:05,Link light Rail (train),1
1000022,23.0,2022-05-12,3.2,5,2023-10-28 09:10:52,2023-02-17 09:44:25,Streetcar (tram),1
1000023,24.0,2024-07-25,2.27,1,2024-01-20 04:14:33,2022-08-01 07:48:54,Monorail,1
1000024,34.0,2023-12-31,3.9,0,2024-06-17 16:15:37,2023-11-26 22:08:42,King County Metro (Bus),0
1000025,15.0,2022-11-30,4.19,0,2022-01-08 17:37:13,2024-07-24 22:55:00,Link light Rail (train),0
1000026,15.0,2022-02-05,1.79,6,2024-04-09 02:15:24,2023-02-11 09:12:33,Link light Rail (train),1
1000027,38.0,2022-07-30,1.76,1,2024-02-09 11:32:54,2023-03-08 12:54:39,Monorail,1
1000028,8.0,2023-06-17,2.21,3,2023-06-01 00:24:53,2023-08-31 03:29:33,King County Metro (Bus),1
1000029,38.0,2022-05-08,4.25,6,2024-03-09 16:28:55,2023-08-17 02:52:32,King County Metro (Bus),1
1000030,12.0,2022-05-24,1.59,3,2024-03-06 13:21:32,2024-05-20 10:40:32,Streetcar (tram),1
1000031,38.0,2023-07-12,1.77,3,2022-07-19 10:10:10,2023-05-10 04:17:01,Link light Rail (train),1
1000032,15.0,2022-07-31,4.59,6,2023-06-18 05:48:33,2024-04-27 00:15:26,Monorail,1
1000033,39.0,2022-03-15,1.84,1,2023-06-24 20:22:00,2023-03-05 05:40:57,Monorail,1
1000034,1.0,2022-10-28,3.58,5,2022-10-03 17:37:12,2024-05-22 02:05:37,King County Metro (Bus),1
1000035,3.0,2023-02-01,3.48,5,2022-09-29 05:33:22,2023-07-01 20:57:44,Monorail,1
1000036,27.0,2022-01-10,1.35,1,2023-03-11 15:32:46,2023-05-05 06:35:17,Monorail,1
1000037,10.0,2023-04-22,2.37,7,2022-11-07 17:05:06,2023-02-03 06:18:22,Streetcar (tram),1
1000038,12.0,2022-10-31,4.13,1,2022-05-19 03:45:32,2022-02-12 20:21:42,Streetcar (tram),1
1000039,14.0,2024-07-22,4.61,0,2023-08-20 00:14:56,2023-03-20 22:42:11,Streetcar (tram),0
1000040,9.0,2022-08-22,3.89,5,2022-06-12 18:57:53,2022-10-30 04:24:25,King County Metro (Bus),1
1000041,16.0,2024-12-27,2.57,2,2023-10-15 13:34:46,2022-09-04 00:44:18,Link light Rail (train),1
1000042,22.0,2022-02-07,3.83,0,2024-10-02 11:08:13,2023-01-11 21:20:01,Streetcar (tram),0
1000043,11.0,2024-12-14,1.27,7,2022-07-06 20:55:19,2024-09-15 10:46:51,Link light Rail (train),1
1000044,21.0,2023-05-15,2.89,0,2023-06-12 01:00:40,2022-08-07 17:31:27,King County Metro (Bus),0
1000045,33.0,2024-02-24,3.96,6,2022-08-18 20:46:56,2024-11-18 23:20:06,Link light Rail (train),1
1000046,19.0,2022-10-18,2.71,3,2023-09-24 07:02:35,2024-03-11 01:59:27,Streetcar (tram),1
1000047,29.0,2023-07-06,2.27,4,2022-11-25 05:42:04,2022-02-15 07:27:25,Link light Rail (train),1
1000048,38.0,2022-08-16,1.74,4,2023-12-18 16:07:46,2024-09-06 21:53:56,Streetcar (tram),1
1000049,17.0,2024-03-28,1.88,0,2024-10-16 15:18:53,2024-02-02 16:41:05,King County Metro (Bus),0
1000050,5.0,2022-03-20,1.21,5,2023-08-03 20:23:44,2023-05-22 10:41:02,Streetcar (tram),1
1000051,6.0,2024-12-25,1.57,2,2023-11-03 01:37:00,2023-10-01 07:36:22,Monorail,1
1000052,32.0,2022-12-08,2.85,3,2024-06-10 20:19:43,2024-04-25 11:58:16,King County Metro (Bus),1
1000053,24.0,2022-06-02,4.04,6,2023-07-15 16:00:39,2024-11-04 11:06:47,Streetcar (tram),1
1000054,14.0,2024-10-11,1.84,0,2024-06-08 11:43:47,2023-12-31 14:31:56,King County Metro (Bus),0
1000055,7.0,2023-10-29,1.78,0,2024-03-17 03:18:57,2022-09-21 19:54:35,Monorail,0
1000056,25.0,2024-02-09,4.76,0,2023-08-28 02:17:51,2022-02-08 14:25:48,Streetcar (tram),0
1000057,18.0,2023-11-01,4.02,3,2024-05-11 05:15:37,2024-09-18 02:43:47,Link light Rail (train),1
1000058,22.0,2022-10-20,4.25,2,2022-01-26 15:53:34,2024-11-11 20:39:34,King County Metro (Bus),1
1000059,28.0,2024-12-15,2.46,1,2024-08-30 07:48:50,2024-05-19 11:13:25,Link light Rail (train),1
1000060,30.0,2022-01-04,4.96,5,2023-02-17 12:30:11,2022-12-25 18:55:55,Streetcar (tram),1
1000061,37.0,2022-05-07,2.69,3,2023-06-22 08:37:04,2023-10-21 10:18:45,King County Metro (Bus),1
1000062,8.0,2023-03-10,1.31,6,2024-08-26 20:50:05,2023-01-27 13:42:24,King County Metro (Bus),1
1000063,2.0,2022-11-05,4.45,6,2023-11-28 20:43:14,2024-11-15 23:19:04,Monorail,1
1000064,7.0,2023-02-15,3.37,6,2024-01-14 06:14:58,2024-11-05 00:59:32,Link light Rail (train),1
1000065,32.0,2022-05-19,4.23,2,2024-05-15 09:04:44,2022-02-17 17:28:00,King County Metro (Bus),1
1000066,20.0,2022-11-15,1.24,1,2023-07-31 11:22:43,2024-01-23 08:27:39,Link light Rail (train),1
1000067,17.0,2023-07-21,3.58,7,2024-07-20 17:18:50,2024-12-29 01:28:17,Link light Rail (train),1
1000068,23.0,2023-01-13,4.26,0,2023-08-30 05:55:37,2024-01-27 10:14:08,Streetcar (tram),0
1000069,8.0,2023-01-08,3.87,2,2022-03-06 14:01:55,2023-11-28 17:29:55,Streetcar (tram),1
1000070,25.0,2024-09-22,3.45,1,2023-10-22 21:59:47,2024-08-21 14:18:25,Link light Rail (train),1
1000071,23.0,2022-02-22,4.49,3,2022-10-21 17:19:43,2022-10-11 03:00:48,Link light Rail (train),1
1000072,27.0,2023-08-28,3.61,2,2024-09-29 03:37:05,2022-12-08 20:33:23,Link light Rail (train),1
1000073,6.0,2023-10-20,3.23,7,2022-10-11 17:17:54,2022-10-31 10:54:54,Monorail,1
1000074,12.0,2022-11-17,3.27,6,2022-03-20 06:26:24,2024-12-24 08:00:05,Link light Rail (train),1
1000075,14.0,2024-09-08,4.48,7,2022-05-20 21:01:59,2022-09-10 15:20:35,Streetcar (tram),1
1000076,33.0,2024-04-29,1.27,0,2024-07-29 11:18:24,2022-12-29 05:54:01,King County Metro (Bus),0
1000077,13.0,2024-12-18,3.79,1,2024-10-02 14:53:49,2024-09-24 21:50:29,King County Metro (Bus),1
1000078,19.0,2022-04-01,4.42,0,2024-11-18 05:39:52,2022-05-23 22:43:07,Monorail,0
1000079,6.0,2024-08-30,4.59,1,2024-04-21 04:53:02,2024-12-02 23:39:17,Link light Rail (train),1
1000080,17.0,2022-02-14,2.16,2,2022-04-07 04:54:52,2024-06-05 02:50:12,Monorail,1
1000081,24.0,2023-03-16,2.4,4,2024-08-08 13:29:48,2023-09-17 01:14:44,Monorail,1
1000082,10.0,2022-01-31,2.09,2,2022-04-12 20:08:46,2023-08-19 22:59:55,Streetcar (tram),1
1000083,19.0,2023-08-19,3.53,1,2022-05-30 00:13:31,2022-12-18 07:42:45,Link light Rail (train),1
1000084,20.0,2023-06-16,,0,2022-07-13 12:01:30,2022-04-30 02:00:51,Monorail,0
1000085,1.0,2022-03-15,4.18,5,2022-04-03 13:29:54,2024-05-02 07:38:14,Link light Rail (train),1
1000086,10.0,2022-06-07,1.9,0,2022-11-18 20:38:25,2024-04-21 14:58:48,Streetcar (tram),0
1000087,20.0,2023-02-28,4.67,1,2023-12-26 09:57:43,2022-01-14 02:05:54,Streetcar (tram),1
1000088,21.0,2024-11-05,2.71,6,2024-09-18 16:53:25,2024-11-12 08:41:47,Streetcar (tram),1
1000089,37.0,2022-09-08,4.43,5,2024-10-25 05:45:18,2023-02-19 09:05:05,Streetcar (tram),1
1000090,39.0,2024-04-03,4.41,5,2022-08-28 16:37:16,2024-04-22 08:56:18,Monorail,1
1000091,22.0,2022-05-23,1.25,0,2023-11-29 20:01:34,2023-04-21 21:16:49,Link light Rail (train),0
1000092,9.0,2024-12-23,2.34,4,2023-03-17 12:49:04,2022-09-10 22:04:31,Streetcar (tram),1
1000093,33.0,2022-02-06,1.2,3,2023-03-08 17:27:23,2024-03-02 17:40:05,Link light Rail (train),1
1000094,10.0,2022-04-05,2.68,6,2022-09-06 13:16:04,2023-12-02 07:03:20,Streetcar (tram),1
1000095,34.0,2023-01-29,1.6,5,2024-08-13 06:17:41,2024-09-11 19:05:30,Monorail,1
1000096,38.0,2024-04-17,3.04,2,2023-07-28 02:13:23,2022-06-29 17:58:28,Link light Rail (train),1
1000097,18.0,2024-08-06,2.78,3,2023-08-23 13:16:34,2022-01-24 14:40:00,King County Metro (Bus),1
1000098,39.0,2024-12-01,2.82,7,2022-06-14 07:27:08,2023-03-17 15:39:11,Link light Rail (train),1
1000099,1.0,2023-05-20,3.71,1,2023-01-17 06:58:10,2022-08-15 22:34:55,Monorail,1
1000100,31.0,2024-02-14,2.64,2,2023-10-21 15:19:48,2024-04-02 18:57:38,Monorail,1
1000101,32.0,2024-06-16,2.83,7,2024-04-03 10:07:00,2024-12-21 05:55:07,Link light Rail (train),1
1000102,13.0,2022-08-23,4.06,3,2022-08-24 10:17:22,2022-12-10 09:58:35,King County Metro (Bus),1
1000103,18.0,2024-02-24,3.3,5,2022-03-16 15:20:29,2023-08-04 02:10:43,Link light Rail (train),1
1000104,1.0,2023-07-04,1.98,1,2023-03-15 07:11:46,2023-08-21 15:19:16,King County Metro (Bus),1
1000105,4.0,2022-01-17,4.26,7,2024-10-07 13:05:30,2023-04-09 02:11:58,Link light Rail (train),1
1000106,31.0,2024-11-08,4.65,1,2022-02-02 22:44:56,2024-12-10 16:20:09,Monorail,1
1000107,6.0,2024-03-19,4.97,5,2022-12-28 08:56:17,2022-04-07 10:02:06,Link light Rail (train),1
1000108,17.0,2023-02-04,4.26,4,2023-07-04 16:43:58,2024-01-08 22:55:36,Link light Rail (train),1
1000109,1.0,2024-02-26,4.03,0,2024-09-15 02:48:48,2024-12-18 17:12:22,Link light Rail (train),0
1000110,1.0,2022-05-31,4.77,6,2023-06-06 21:59:18,2022-11-23 17:07:15,Monorail,1
1000111,24.0,2023-05-26,3.21,4,2023-09-21 06:54:45,2023-06-26 23:09:59,Link light Rail (train),1
1000112,12.0,2022-07-22,3.17,6,2022-07-16 19:13:51,2024-02-26 17:30:01,Link light Rail (train),1
1000113,30.0,2024-06-21,4.31,6,2023-12-12 11:26:56,2024-11-23 22:25:48,King County Metro (Bus),1
1000114,12.0,2024-03-26,3.25,6,2022-10-20 16:33:39,2022-04-12 10:22:51,King County Metro (Bus),1
1000115,21.0,2024-03-24,1.03,3,2022-04-22 00:57:18,2024-03-14 22:06:44,Monorail,1
1000116,27.0,2022-02-05,3.49,4,2022-04-19 13:59:36,2022-07-09 23:34:39,Link light Rail (train),1
1000117,18.0,2023-03-31,2.63,0,2022-03-28 09:32:41,2022-02-16 12:47:37,Streetcar (tram),0
1000118,27.0,2023-05-24,1.23,0,2023-03-30 11:02:04,2023-05-29 05:32:37,Link light Rail (train),0
1000119,26.0,2022-10-20,1.67,1,2022-05-22 21:49:13,2024-10-24 02:41:58,Streetcar (tram),1
1000120,10.0,2023-04-01,4.5,3,2023-10-11 21:03:19,2024-12-25 16:24:25,Link light Rail (train),1
1000121,13.0,2024-02-04,1.52,6,2022-11-01 15:35:20,2024-09-02 02:22:20,Streetcar (tram),1
1000122,1.0,2023-07-09,4.63,4,2024-09-26 05:11:06,2022-09-22 08:40:36,Monorail,1
1000123,33.0,2023-05-02,3.53,1,2024-03-08 18:37:49,2023-10-13 16:21:45,Monorail,1
1000124,17.0,2022-06-15,1.69,1,2023-06-26 01:21:07,2024-09-18 09:41:57,Link light Rail (train),1
1000125,4.0,2024-10-19,3.07,5,2024-06-03 03:36:54,2022-08-07 09:49:05,King County Metro (Bus),1
1000126,18.0,2024-04-21,1.49,7,2023-05-27 23:44:59,2024-03-05 02:56:28,Streetcar (tram),1
1000127,33.0,2023-01-23,4.31,7,2024-11-03 03:40:28,2024-06-24 00:36:28,Link light Rail (train),1
1000128,32.0,2023-07-05,1.56,1,2024-08-07 06:20:37,2022-04-06 10:35:23,Streetcar (tram),1
1000129,27.0,2023-07-21,3.37,2,2023-09-16 19:21:16,2022-09-12 11:07:43,Streetcar (tram),1
1000130,37.0,2023-02-06,2.39,5,2022-01-30 12:34:54,2023-08-04 10:40:47,Streetcar (tram),1
1000131,31.0,2024-04-23,3.71,5,2022-08-06 13:18:10,2023-12-06 01:15:59,Monorail,1
1000132,16.0,2024-04-27,2.47,4,2022-11-27 09:47:21,2024-12-02 15:08:11,King County Metro (Bus),1
1000133,12.0,2022-07-29,1.88,2,2022-10-04 14:30:02,2022-10-23 02:36:37,Link light Rail (train),1
1000134,4.0,2022-01-05,1.27,1,2022-03-01 03:40:55,2023-11-26 15:36:56,Link light Rail (train),1
1000135,24.0,2024-08-27,2.23,4,2024-02-12 03:14:06,2022-11-19 14:36:35,Monorail,1
1000136,11.0,2024-05-22,1.09,1,2024-03-09 11:43:02,2024-12-29 13:43:07,Monorail,1
1000137,4.0,2022-03-04,3.86,2,2024-12-06 19:09:55,2023-12-17 07:38:08,Streetcar (tram),1
1000138,29.0,2022-10-05,3.9,6,2024-12-23 22:35:08,2023-12-01 17:51:13,King County Metro (Bus),1
1000139,23.0,2022-02-17,1.25,7,2023-05-11 07:03:15,2023-09-02 20:29:42,King County Metro (Bus),1
1000140,30.0,2023-04-09,1.82,0,2024-08-17 16:43:52,2024-05-01 06:57:28,King County Metro (Bus),0
1000141,24.0,2022-10-23,2.47,7,2024-03-09 03:36:49,2022-10-02 13:09:17,Streetcar (tram),1
1000142,25.0,2023-06-05,2.33,2,2023-12-30 23:44:16,2022-03-09 11:29:46,King County Metro (Bus),1
1000143,4.0,2024-10-28,4.57,3,2023-02-20 17:54:40,2024-01-27 19:40:47,Link light Rail (train),1
1000144,36.0,2022-07-05,1.99,6,2022-11-10 03:00:21,2023-05-20 04:17:43,King County Metro (Bus),1
1000145,19.0,2022-08-04,1.04,2,2022-10-07 14:30:16,2022-12-13 12:44:32,Streetcar (tram),1
1000146,33.0,2022-10-30,1.93,1,2024-08-07 21:49:23,2023-08-06 21:15:13,King County Metro (Bus),1
1000147,16.0,2022-07-22,3.53,5,2023-10-05 16:05:07,2024-08-27 01:26:22,King County Metro (Bus),1
1000148,28.0,2024-12-22,2.43,7,2023-01-17 01:15:36,2022-03-23 22:17:08,Monorail,1
1000149,38.0,2024-04-15,4.41,4,2024-04-13 14:17:45,2024-06-28 21:32:00,Monorail,1
1000150,10.0,2024-11-02,1.26,3,2024-10-23 03:21:39,2023-11-15 01:02:14,Streetcar (tram),1
1000151,2.0,2024-10-08,3.16,4,2024-07-13 17:05:06,2022-02-04 06:19:20,King County Metro (Bus),1
1000152,14.0,2024-03-02,1.09,6,2023-10-07 00:54:42,2023-05-08 05:00:39,Monorail,1
1000153,33.0,2023-07-25,1.6,5,2023-12-28 04:54:25,2023-06-23 03:12:02,Monorail,1
1000154,11.0,2024-01-13,3.36,4,2024-03-12 10:13:51,2024-06-24 07:04:53,King County Metro (Bus),1
1000155,24.0,2024-06-29,4.73,2,2024-11-30 13:59:05,2023-04-25 01:32:52,King County Metro (Bus),1
1000156,40.0,2024-01-29,2.16,1,2024-01-27 08:43:51,2023-04-20 08:41:54,Monorail,1
1000157,,2023-04-04,1.09,3,2022-03-14 00:05:55,2022-02-09 12:16:19,Streetcar (tram),1
1000158,20.0,2024-02-06,4.53,6,2023-12-22 06:19:51,2022-01-30 17:37:56,King County Metro (Bus),1
1000159,39.0,2023-04-13,3.26,6,2022-06-02 12:41:10,2022-11-02 06:20:59,Monorail,1
1000160,8.0,2024-03-27,1.57,1,2024-07-28 04:04:55,2023-01-15 18:42:09,Streetcar (tram),1
1000161,29.0,2022-10-19,1.39,3,2022-03-22 11:38:09,2024-08-20 04:28:09,Link light Rail (train),1
1000162,5.0,2022-01-11,3.9,5,2022-04-13 16:01:51,2024-04-13 00:21:13,Monorail,1
1000163,26.0,2023-12-25,3.96,3,2024-06-26 17:52:22,2023-12-31 18:46:50,Streetcar (tram),1
1000164,33.0,2022-05-21,4.04,3,2022-03-10 00:32:30,2022-09-15 17:35:53,King County Metro (Bus),1
1000165,30.0,2024-06-27,3.06,6,2023-07-06 01:18:41,2023-03-13 09:00:42,King County Metro (Bus),1
1000166,6.0,2022-02-07,4.73,7,2023-07-18 07:15:26,2024-12-20 02:36:13,Streetcar (tram),1
1000167,6.0,2022-07-07,4.39,1,2022-09-25 07:52:14,2024-11-23 23:39:12,Monorail,1
1000168,8.0,2023-06-23,1.37,6,2023-06-16 11:55:53,2023-05-22 15:26:59,Monorail,1
1000169,13.0,2024-02-28,3.92,6,2022-09-23 00:18:37,2024-09-13 23:42:44,Monorail,1
1000170,38.0,2022-06-22,4.3,3,2023-06-26 07:54:32,2022-11-10 20:50:55,King County Metro (Bus),1
1000171,4.0,2023-07-07,4.23,4,2024-07-11 00:25:57,2024-09-30 19:27:50,King County Metro (Bus),1
1000172,25.0,2024-01-13,1.05,0,2023-03-17 00:33:31,2023-01-30 15:48:58,Link light Rail (train),0
1000173,40.0,2023-03-13,1.5,6,2022-03-10 22:53:13,2024-12-02 00:08:55,King County Metro (Bus),1
1000174,35.0,2024-02-08,2.27,6,2022-01-22 08:04:03,2022-11-07 14:21:50,Monorail,1
1000175,12.0,2023-01-19,2.87,3,2022-11-09 07:11:37,2022-07-26 11:08:13,Link light Rail (train),1
1000176,33.0,2022-08-03,3.53,6,2023-05-29 22:56:21,2024-08-16 07:28:02,Monorail,1
1000177,36.0,2023-07-08,2.31,5,2022-01-09 09:02:13,2022-01-11 00:45:06,King County Metro (Bus),1
1000178,38.0,2022-11-20,3.09,1,2023-09-15 16:39:45,2022-02-11 02:38:42,Link light Rail (train),1
1000179,19.0,2024-04-30,1.01,1,2023-09-24 01:38:13,2024-05-07 21:15:30,Link light Rail (train),1
1000180,23.0,2023-02-14,4.18,3,2024-11-03 19:54:16,2024-09-18 13:30:51,Streetcar (tram),1
1000181,21.0,2022-04-14,4.71,1,2023-12-10 14:40:15,2024-11-15 03:42:24,King County Metro (Bus),1
1000182,15.0,2024-03-09,4.26,4,2023-05-29 10:15:34,2024-06-29 10:22:10,Streetcar (tram),1
1000183,9.0,2023-04-29,4.11,7,2024-12-04 22:56:05,2024-06-24 01:10:43,Streetcar (tram),1
1000184,28.0,2022-10-01,4.07,6,2024-12-18 22:23:44,2023-07-21 04:49:53,Link light Rail (train),1
1000185,39.0,2024-03-28,3.8,2,2023-10-09 01:48:15,2023-05-10 16:42:11,Streetcar (tram),1
1000186,26.0,2022-06-05,3.97,7,2024-06-12 12:37:37,2024-10-07 18:53:12,Monorail,1
1000187,26.0,2023-12-09,1.67,4,2023-05-06 04:11:01,2024-08-30 08:19:04,Link light Rail (train),1
1000188,38.0,2022-06-25,4.18,1,2024-08-19 19:37:31,2024-06-10 03:59:10,Monorail,1
1000189,28.0,2023-04-14,2.98,4,2023-02-18 18:43:25,2023-08-08 15:25:40,Streetcar (tram),1
1000190,17.0,2023-05-01,2.04,0,2024-05-30 16:24:57,2022-12-12 00:13:53,Link light Rail (train),0
1000191,10.0,2022-11-08,4.6,7,2022-06-16 10:18:41,2023-01-18 03:18:49,King County Metro (Bus),1
1000192,22.0,2023-08-03,1.63,0,2024-07-18 02:23:01,2022-10-02 13:00:39,Link light Rail (train),0
1000193,15.0,2024-05-22,1.57,7,2023-02-08 19:45:51,2023-08-27 12:15:12,King County Metro (Bus),1
1000194,34.0,2024-04-19,4.19,0,2024-08-21 07:36:16,2022-01-07 12:12:37,Monorail,0
1000195,10.0,2024-03-30,3.92,4,2023-12-03 08:05:55,2024-03-07 17:04:07,King County Metro (Bus),1
1000196,39.0,2022-10-01,1.65,7,2023-08-16 16:19:37,2024-08-03 03:04:16,Monorail,1
1000197,36.0,2022-09-14,3.08,2,2022-12-10 23:51:35,2024-04-21 00:21:31,Streetcar (tram),1
1000198,34.0,2024-04-01,1.36,1,2023-09-25 23:06:23,2022-03-31 10:09:18,Link light Rail (train),1
1000199,29.0,2022-10-30,2.14,3,2024-07-24 07:32:24,2022-04-03 04:05:07,Link light Rail (train),1
1000200,1.0,2024-05-19,1.17,3,2024-11-07 23:05:19,2022-03-22 07:56:39,King County Metro (Bus),1
1000201,34.0,2023-07-12,1.73,5,2022-11-25 16:28:30,2024-12-01 09:47:23,Monorail,1
1000202,25.0,2024-10-20,4.26,2,2023-10-09 19:56:28,2024-01-01 06:11:03,Link light Rail (train),1
1000203,27.0,2024-05-09,2.63,0,2024-07-11 23:32:32,2023-12-27 08:03:17,Monorail,0
1000204,38.0,2023-09-10,2.82,1,2024-11-26 13:19:56,2024-08-06 21:54:37,Streetcar (tram),1
1000205,31.0,2023-08-27,4.91,4,2024-06-17 09:32:25,2024-09-05 12:01:54,King County Metro (Bus),1
1000206,25.0,2024-02-10,4.08,7,2023-11-17 03:09:30,2024-09-26 17:45:39,Streetcar (tram),1
1000207,14.0,2022-04-12,2.04,2,2023-11-29 23:13:44,2024-12-07 20:38:01,Monorail,1
1000208,10.0,2023-06-06,2.21,3,2023-02-03 15:54:05,2023-07-04 14:20:57,Monorail,1
1000209,36.0,2022-01-30,1.53,4,2022-11-01 00:53:35,2023-04-17 21:06:18,Monorail,1
1000210,,2024-01-26,1.24,1,2023-08-29 09:25:10,2022-02-25 05:59:46,King County Metro (Bus),1
1000211,40.0,2023-06-08,4.23,1,2022-04-01 22:08:01,2022-12-20 07:05:42,Streetcar (tram),1
1000212,32.0,2023-01-27,3.88,2,2024-07-15 16:16:05,2023-02-25 03:13:08,Monorail,1
1000213,31.0,2022-02-27,1.09,2,2022-05-31 23:54:14,2024-10-13 18:46:12,Monorail,1
1000214,18.0,2023-04-04,4.63,6,2022-05-23 14:18:16,2024-01-05 14:27:43,King County Metro (Bus),1
1000215,13.0,2022-07-27,2.08,5,2024-01-29 14:34:06,2022-09-07 21:29:50,Streetcar (tram),1
1000216,23.0,2024-09-21,1.74,7,2023-04-16 08:20:19,2023-02-27 06:30:42,Link light Rail (train),1
1000217,3.0,2023-10-31,1.28,6,2023-01-24 13:31:12,2022-09-24 14:46:17,Monorail,1
1000218,,2022-11-16,3.01,0,2024-05-14 11:54:21,2023-06-14 01:06:06,Link light Rail (train),0
1000219,5.0,2023-05-09,4.71,2,2022-01-01 03:59:54,2023-01-08 01:12:58,Link light Rail (train),1
1000220,22.0,2024-06-20,3.44,7,2022-01-18 06:05:11,2023-06-30 08:42:21,Monorail,1
1000221,23.0,2024-08-05,3.76,1,2023-02-19 12:42:30,2023-05-06 20:43:36,Monorail,1
1000222,7.0,2024-09-20,1.59,6,2023-02-25 09:20:18,2023-03-17 21:28:14,Monorail,1
1000223,13.0,2022-05-20,3.99,3,2022-10-28 23:51:15,2024-01-02 11:40:49,Link light Rail (train),1
1000224,3.0,2022-12-21,1.25,1,2023-02-07 06:05:25,2023-06-03 04:22:29,Link light Rail (train),1
1000225,34.0,2022-01-12,1.95,1,2022-09-22 16:09:06,2023-06-29 02:19:08,Link light Rail (train),1
1000226,23.0,2023-08-28,2.62,2,2023-03-23 00:26:22,2024-12-10 01:20:44,King County Metro (Bus),1
1000227,22.0,2024-07-20,4.06,1,2022-12-16 03:45:09,2024-10-30 11:09:17,Streetcar (tram),1
1000228,20.0,2024-04-01,1.82,2,2023-12-31 05:06:08,2023-09-28 13:51:36,Monorail,1
1000229,25.0,2024-03-22,4.58,3,2024-02-15 06:20:25,2022-11-07 01:32:31,Monorail,1
1000230,28.0,2023-06-20,2.19,0,2023-02-23 13:46:30,2024-08-22 01:10:39,Streetcar (tram),0
1000231,22.0,2023-01-10,1.36,5,2022-03-03 01:43:36,2023-02-24 19:27:27,Monorail,1
1000232,27.0,2022-07-01,4.42,7,2024-10-26 09:33:09,2024-06-30 21:25:56,Monorail,1
1000233,3.0,2024-01-03,3.98,6,2023-10-18 00:19:52,2023-02-22 03:25:22,Link light Rail (train),1
1000234,20.0,2022-09-12,2.74,4,2022-10-01 16:43:48,2023-05-03 13:55:37,King County Metro (Bus),1
1000235,24.0,2024-08-14,3.42,2,2024-10-23 16:42:35,2022-02-03 13:41:47,King County Metro (Bus),1
1000236,24.0,2022-05-01,2.42,6,2022-10-22 09:28:55,2024-04-15 05:45:33,King County Metro (Bus),1
1000237,6.0,2024-06-11,3.22,7,2023-05-05 03:18:41,2024-06-18 10:15:15,Monorail,1
1000238,34.0,2023-07-19,3.55,6,2024-03-11 23:01:11,2024-02-05 04:34:30,Monorail,1
1000239,32.0,2023-03-12,3.07,6,2024-09-25 21:48:07,2022-10-30 05:16:49,Streetcar (tram),1
1000240,26.0,2024-08-30,4.6,0,2022-10-30 13:52:27,2023-10-07 06:12:19,Streetcar (tram),0
1000241,,2024-08-03,2.47,0,2024-04-06 04:31:21,2023-11-29 12:10:32,Link light Rail (train),0
1000242,37.0,2024-05-19,4.68,2,2023-11-03 04:29:31,2023-08-27 04:59:24,Monorail,1
1000243,1.0,2024-05-03,,5,2022-05-12 03:46:21,2024-09-17 11:07:15,Streetcar (tram),1
1000244,4.0,2022-09-27,1.03,3,2022-02-23 12:32:19,2023-02-13 21:04:08,Monorail,1
1000245,20.0,2023-04-14,1.65,1,2024-11-12 12:18:52,2022-07-24 11:19:54,Link light Rail (train),1
1000246,22.0,2022-12-24,1.64,7,2023-10-24 05:22:08,2023-12-19 00:01:49,Monorail,1
1000247,35.0,2022-02-10,2.51,1,2024-10-04 23:04:39,2023-11-07 11:26:05,Link light Rail (train),1
1000248,5.0,2023-01-18,1.79,0,2022-07-12 20:18:14,2023-09-08 16:29:28,King County Metro (Bus),0
1000249,33.0,2022-04-13,1.56,7,2022-06-26 00:55:21,2022-11-24 11:28:27,Streetcar (tram),1
1000250,16.0,2024-05-23,2.83,3,2024-07-30 20:55:10,2022-02-10 08:07:58,Monorail,1
1000251,,2023-07-23,2.48,6,2023-01-01 02:14:39,2024-03-18 01:35:03,Streetcar (tram),1
1000252,4.0,2023-02-01,4.19,2,2023-04-18 07:41:27,2022-12-05 00:34:30,King County Metro (Bus),1
1000253,23.0,2023-08-07,2.11,0,2023-08-14 20:41:53,2023-07-31 15:54:54,Monorail,0
1000254,9.0,2023-06-18,1.13,2,2023-04-04 08:29:23,2023-03-09 03:51:11,King County Metro (Bus),1
1000255,27.0,2023-05-20,2.8,3,2022-02-08 13:01:40,2022-09-01 15:02:19,Streetcar (tram),1
1000256,32.0,2022-02-08,1.08,3,2022-11-30 20:37:45,2022-06-15 05:45:02,Link light Rail (train),1
1000257,33.0,2022-09-30,1.91,6,2023-01-26 07:48:13,2024-07-19 10:24:37,Monorail,1
1000258,7.0,2022-03-22,1.7,0,2024-05-09 02:04:22,2022-11-15 06:08:45,Monorail,0
1000259,7.0,2024-05-14,2.79,5,2023-02-04 11:28:43,2024-12-10 22:24:13,King County Metro (Bus),1
1000260,5.0,2024-02-26,3.33,4,2024-12-20 01:09:09,2023-03-07 11:24:22,Monorail,1
1000261,39.0,2022-03-27,4.13,4,2023-02-08 22:09:04,2024-09-09 00:40:39,Monorail,1
1000262,14.0,2022-02-09,4.84,4,2023-09-03 17:54:20,2023-12-26 00:43:58,Streetcar (tram),1
1000263,28.0,2023-04-04,2.5,7,2022-12-25 00:05:46,2023-02-25 21:47:20,King County Metro (Bus),1
1000264,13.0,2023-06-13,2.29,5,2024-02-12 01:41:37,2024-12-16 11:49:02,Monorail,1
1000265,2.0,2022-10-03,1.73,7,2024-02-03 04:45:56,2022-05-20 04:04:41,Monorail,1
1000266,37.0,2024-12-03,4.94,7,2023-10-20 21:13:47,2024-07-05 18:29:31,King County Metro (Bus),1
1000267,32.0,2022-06-02,4.26,1,2022-07-05 22:42:20,2022-01-01 02:11:45,King County Metro (Bus),1
1000268,30.0,2024-01-16,4.05,4,2023-03-07 14:08:14,2024-07-21 03:44:36,Link light Rail (train),1
1000269,11.0,2024-09-02,1.48,5,2023-06-17 00:28:03,2023-01-14 00:43:06,Link light Rail (train),1
1000270,30.0,2024-09-11,1.45,4,2023-08-11 14:19:31,2024-06-03 13:17:28,Link light Rail (train),1
1000271,4.0,2022-02-11,1.19,6,2024-02-14 03:44:16,2023-01-11 18:07:11,Link light Rail (train),1
1000272,16.0,2022-10-19,4.48,0,2023-06-15 09:04:51,2022-10-21 00:33:56,Link light Rail (train),0
1000273,16.0,2022-08-29,3.29,3,2024-04-29 14:04:11,2022-06-05 07:49:50,Monorail,1
1000274,25.0,2024-06-08,1.95,2,2023-02-20 11:18:33,2022-08-16 04:42:35,Monorail,1
1000275,12.0,2022-01-02,1.29,4,2023-06-05 06:39:29,2023-04-20 15:49:03,Monorail,1
1000276,7.0,2024-01-31,1.38,0,2024-06-19 21:23:38,2023-03-29 22:41:05,King County Metro (Bus),0
1000277,9.0,2022-11-26,1.85,3,2022-01-20 14:00:52,2024-10-24 20:57:21,Monorail,1
1000278,22.0,2023-01-10,2.81,2,2023-07-10 04:18:19,2024-07-14 00:23:45,Link light Rail (train),1
1000279,8.0,2024-03-05,2.09,4,2023-02-13 21:43:43,2022-06-11 06:59:43,Monorail,1
1000280,39.0,2023-11-27,4.17,2,2023-08-12 00:05:59,2024-11-11 00:11:13,King County Metro (Bus),1
1000281,3.0,2023-01-07,4.58,0,2022-10-13 14:18:09,2022-01-20 23:30:10,King County Metro (Bus),0
1000282,8.0,2023-02-17,1.43,2,2024-08-29 09:50:32,2024-06-21 08:53:39,King County Metro (Bus),1
1000283,34.0,2024-10-13,3.69,0,2023-05-13 07:18:59,2022-06-22 21:09:41,Monorail,0
1000284,16.0,2024-11-13,4.02,1,2023-12-29 16:04:53,2023-02-16 04:39:38,King County Metro (Bus),1
1000285,35.0,2023-04-12,4.91,6,2024-12-06 10:53:39,2023-12-10 20:03:29,King County Metro (Bus),1
1000286,17.0,2023-07-25,1.67,5,2024-02-16 21:48:28,2022-05-23 09:09:40,Streetcar (tram),1
1000287,37.0,2023-12-14,1.71,6,2024-07-26 14:34:30,2022-08-24 10:26:20,King County Metro (Bus),1
1000288,26.0,2024-09-10,3.99,2,2022-12-05 15:11:26,2022-11-03 12:48:31,Monorail,1
1000289,23.0,2024-01-24,2.49,0,2022-05-15 17:15:17,2024-10-02 21:45:52,Link light Rail (train),0
1000290,11.0,2022-07-02,4.88,3,2022-04-22 20:58:32,2024-12-04 17:49:02,Link light Rail (train),1
1000291,12.0,2024-07-15,3.07,6,2022-11-03 18:09:06,2024-02-26 07:24:47,King County Metro (Bus),1
1000292,21.0,2022-08-07,2.96,0,2024-12-19 08:59:16,2023-05-09 22:45:15,Monorail,0
1000293,18.0,2022-04-12,1.9,1,2023-09-26 18:27:20,2023-04-20 07:26:19,Streetcar (tram),1
1000294,31.0,2022-01-06,4.51,1,2024-08-18 07:03:41,2022-08-22 15:50:36,Link light Rail (train),1
1000295,38.0,2023-08-08,1.31,5,2024-01-12 05:20:58,2022-04-06 17:26:57,Link light Rail (train),1
1000296,,2023-02-20,4.1,7,2024-01-01 23:00:46,2024-12-29 19:42:29,Monorail,1
1000297,39.0,2023-07-18,3.35,4,2024-03-02 01:53:07,2022-06-24 18:29:05,Link light Rail (train),1
1000298,16.0,2022-05-20,3.13,4,2024-10-16 05:35:32,2024-09-12 16:27:32,King County Metro (Bus),1
1000299,17.0,2023-08-15,1.88,0,2022-10-02 21:30:29,2024-08-10 03:43:42,Monorail,0
1000300,4.0,2024-03-10,2.24,5,2024-07-12 09:58:36,2023-05-03 13:28:53,Link light Rail (train),1
1000301,23.0,2022-09-05,1.73,1,2024-11-18 05:23:55,2023-05-14 01:10:55,Link light Rail (train),1
1000302,37.0,2024-08-15,3.63,6,2023-06-11 15:40:19,2024-10-08 06:46:16,Link light Rail (train),1
1000303,5.0,2023-10-21,4.92,3,2023-03-09 08:52:51,2024-10-11 16:48:52,Streetcar (tram),1
1000304,37.0,2024-03-26,4.53,6,2024-02-03 01:54:28,2022-04-06 02:40:50,Link light Rail (train),1
1000305,13.0,2023-07-13,3.42,6,2023-11-06 19:29:25,2023-02-15 08:31:52,Monorail,1
1000306,10.0,2022-07-31,,0,2022-12-30 03:57:38,2022-02-12 16:24:17,Monorail,0
1000307,36.0,2024-02-10,1.32,2,2022-05-31 07:42:12,2023-12-20 19:25:29,King County Metro (Bus),1
1000308,10.0,2022-08-04,4.94,4,2023-11-24 18:47:59,2023-12-25 20:14:46,Monorail,1
1000309,13.0,2023-05-01,1.84,4,2024-08-06 16:32:35,2024-02-08 16:08:57,Streetcar (tram),1
1000310,,2024-07-10,3.43,7,2022-11-02 17:35:20,2024-04-05 08:40:57,Streetcar (tram),1
1000311,3.0,2024-11-22,1.38,3,2023-01-23 01:44:04,2024-01-10 03:05:25,Link light Rail (train),1
1000312,5.0,2023-11-10,4.47,4,2023-04-05 09:21:20,2024-02-24 07:47:11,Streetcar (tram),1
1000313,32.0,2023-02-03,3.98,7,2024-07-15 06:57:39,2023-08-28 00:26:38,Streetcar (tram),1
1000314,33.0,2022-08-31,4.04,5,2023-11-10 14:18:54,2023-08-17 14:20:03,Monorail,1
1000315,16.0,2024-07-13,1.14,6,2024-06-30 11:42:23,2023-02-02 08:16:07,King County Metro (Bus),1
1000316,3.0,2022-04-10,3.59,3,2023-09-24 14:20:19,2024-11-11 16:04:06,Monorail,1
1000317,31.0,2024-09-16,3.46,5,2022-11-17 18:25:18,2022-01-15 13:48:23,King County Metro (Bus),1
1000318,29.0,2024-10-12,3.48,1,2022-01-04 16:08:46,2022-12-17 17:44:34,Link light Rail (train),1
1000319,33.0,2024-08-23,4.92,5,2022-05-19 16:07:35,2024-02-06 21:59:14,Streetcar (tram),1
1000320,37.0,2023-07-10,2.98,6,2024-02-17 20:58:32,2022-02-06 01:45:14,Monorail,1
1000321,10.0,2022-06-03,2.16,2,2023-06-06 03:13:56,2022-08-17 01:13:22,Streetcar (tram),1
1000322,8.0,2024-11-13,2.24,2,2023-04-18 13:12:47,2022-10-23 14:22:48,King County Metro (Bus),1
1000323,37.0,2022-02-16,2.49,6,2023-10-12 18:15:34,2022-10-25 07:18:54,Link light Rail (train),1
1000324,26.0,2024-12-14,3.22,4,2023-05-27 16:06:40,2023-03-17 04:49:30,King County Metro (Bus),1
1000325,19.0,2024-10-24,1.07,5,2024-04-18 10:25:10,2024-07-31 04:28:02,Monorail,1
1000326,24.0,2024-07-15,4.23,1,2022-03-12 01:26:36,2023-10-14 15:02:58,Monorail,1
1000327,30.0,2023-11-24,,4,2023-12-01 09:01:58,2023-05-25 16:58:10,Monorail,1
1000328,36.0,2024-03-17,2.56,4,2024-11-23 06:45:57,2024-11-23 16:02:48,King County Metro (Bus),1
1000329,2.0,2024-01-06,3.64,0,2024-05-11 18:48:40,2022-07-10 13:22:58,King County Metro (Bus),0
1000330,21.0,2024-09-01,1.79,6,2024-04-13 12:35:09,2023-11-23 16:50:51,King County Metro (Bus),1
1000331,17.0,2022-12-07,4.95,1,2023-05-27 02:46:09,2022-07-20 17:03:36,Link light Rail (train),1
1000332,5.0,2023-05-21,2.23,6,2023-11-08 03:01:38,2023-12-08 20:59:35,Link light Rail (train),1
1000333,32.0,2022-09-21,1.29,6,2023-02-26 21:27:45,2023-10-16 18:04:11,Link light Rail (train),1
1000334,7.0,2024-02-18,2.14,4,2023-04-19 13:27:51,2023-01-01 10:45:07,Monorail,1
1000335,31.0,2022-02-10,2.63,1,2022-04-11 15:59:05,2022-02-06 05:26:30,Link light Rail (train),1
1000336,29.0,2024-05-01,4.15,7,2024-03-11 20:07:49,2023-02-28 09:53:59,King County Metro (Bus),1
1000337,36.0,2024-08-24,3.33,5,2024-03-02 20:06:23,2022-05-17 14:26:27,Streetcar (tram),1
1000338,32.0,2023-05-27,1.4,1,2022-05-13 12:59:38,2024-05-05 14:48:46,Link light Rail (train),1
1000339,37.0,2023-12-12,4.02,2,2022-12-23 19:05:22,2024-01-16 10:17:49,Monorail,1
1000340,32.0,2023-08-08,3.22,7,2022-01-29 08:46:59,2022-08-16 09:39:51,Monorail,1
1000341,26.0,2023-11-22,3.05,7,2022-08-31 09:52:29,2023-10-13 01:46:30,King County Metro (Bus),1
1000342,26.0,2022-01-07,4.67,5,2023-05-16 12:40:36,2022-07-20 20:57:28,Monorail,1
1000343,17.0,2022-09-06,3.93,0,2024-03-16 10:13:42,2022-03-18 16:17:44,Monorail,0
1000344,15.0,2023-03-22,1.58,1,2023-01-06 13:44:38,2023-04-06 02:38:20,Streetcar (tram),1
1000345,38.0,2023-02-21,4.77,2,2024-04-25 22:10:39,2023-08-18 14:09:32,Monorail,1
1000346,8.0,2023-11-21,4.55,4,2024-03-22 03:06:06,2022-08-20 15:17:50,King County Metro (Bus),1
1000347,33.0,2024-03-24,3.9,7,2024-11-21 11:12:20,2024-11-05 11:03:40,Monorail,1
1000348,23.0,2022-07-04,3.77,5,2024-11-10 08:10:41,2024-09-24 13:02:38,Link light Rail (train),1
1000349,9.0,2022-02-21,3.66,3,2024-08-25 20:56:23,2022-06-03 19:10:38,King County Metro (Bus),1
1000350,36.0,2023-10-04,1.83,1,2024-12-07 04:40:15,2023-06-19 13:16:53,Link light Rail (train),1
1000351,22.0,2023-01-19,1.05,4,2024-05-02 08:21:04,2022-04-05 10:39:52,Link light Rail (train),1
1000352,14.0,2023-11-29,3.74,5,2022-03-11 23:21:47,2023-07-08 16:08:02,Monorail,1
1000353,17.0,2024-10-13,2.56,1,2024-12-01 05:32:18,2022-11-08 09:39:16,King County Metro (Bus),1
1000354,32.0,2022-09-16,4.17,2,2023-05-19 05:11:38,2024-11-04 07:22:02,Link light Rail (train),1
1000355,13.0,2022-07-03,3.49,1,2023-08-01 08:52:28,2023-02-23 12:25:43,Streetcar (tram),1
1000356,18.0,2023-04-30,4.79,6,2023-04-01 22:01:42,2023-04-22 18:56:50,Link light Rail (train),1
1000357,6.0,2022-12-03,4.04,2,2022-11-14 08:27:41,2022-11-10 12:24:37,Link light Rail (train),1
1000358,29.0,2023-09-07,2.01,2,2023-11-18 12:23:41,2023-03-15 20:02:10,Streetcar (tram),1
1000359,5.0,2024-03-24,3.84,4,2023-02-06 15:20:04,2023-12-20 17:27:57,Monorail,1
1000360,32.0,2022-09-22,1.74,5,2024-11-03 05:54:13,2022-01-15 22:30:06,Link light Rail (train),1
1000361,19.0,2023-09-26,1.68,7,2022-12-07 05:02:36,2023-05-12 20:38:38,Streetcar (tram),1
1000362,3.0,2023-07-06,4.45,7,2024-05-25 02:23:55,2023-02-02 06:23:07,Monorail,1
1000363,13.0,2023-12-23,2.24,2,2022-01-04 03:31:19,2023-06-27 16:51:38,Streetcar (tram),1
1000364,24.0,2024-04-21,4.01,3,2022-09-04 06:09:29,2023-03-21 20:27:54,Monorail,1
1000365,26.0,2022-05-25,2.27,4,2022-11-21 10:03:09,2023-04-08 16:18:08,King County Metro (Bus),1
1000366,35.0,2023-08-02,4.02,2,2022-10-12 00:46:00,2022-04-04 20:48:20,Monorail,1
1000367,19.0,2022-07-04,2.38,7,2023-08-06 19:55:21,2023-06-21 09:51:14,Monorail,1
1000368,7.0,2024-01-28,1.47,2,2024-01-15 14:06:08,2022-05-06 19:18:15,Monorail,1
1000369,8.0,2022-02-27,4.7,4,2024-12-06 19:46:06,2024-04-03 02:33:37,Link light Rail (train),1
1000370,5.0,2023-06-19,3.67,1,2024-09-08 08:42:07,2023-04-19 21:56:44,Streetcar (tram),1
1000371,6.0,2022-06-10,1.25,7,2022-12-15 18:53:19,2022-12-22 23:02:26,Link light Rail (train),1
1000372,23.0,2024-10-10,1.09,5,2023-09-18 03:00:52,2022-11-14 09:33:58,Monorail,1
1000373,14.0,2023-08-04,3.09,2,2024-07-30 09:51:51,2022-09-03 20:37:47,Monorail,1
1000374,2.0,2024-04-10,3.62,1,2024-03-05 02:14:51,2024-12-26 15:50:54,Monorail,1
1000375,39.0,2023-07-13,3.5,3,2024-10-18 12:26:21,2024-03-25 12:09:12,Monorail,1
1000376,28.0,2022-10-24,2.94,7,2024-04-18 17:20:15,2022-10-05 19:33:23,Streetcar (tram),1
1000377,38.0,2023-06-17,3.8,1,2022-09-08 20:11:47,2022-05-31 15:01:50,Link light Rail (train),1
1000378,23.0,2023-06-04,3.02,0,2022-02-20 06:35:32,2023-08-07 06:46:46,Monorail,0
1000379,3.0,2023-06-11,3.15,7,2023-10-05 01:34:54,2023-10-12 04:44:51,Link light Rail (train),1
1000380,34.0,2024-07-18,4.16,3,2022-08-02 19:18:10,2024-12-08 01:31:58,King County Metro (Bus),1
1000381,10.0,2022-07-07,4.45,0,2023-04-26 12:07:47,2023-01-16 11:05:29,Streetcar (tram),0
1000382,5.0,2022-02-04,1.42,1,2023-08-16 09:35:55,2024-05-15 19:37:03,Link light Rail (train),1
1000383,1.0,2023-06-05,3.51,3,2024-08-02 09:30:35,2023-07-25 04:38:30,King County Metro (Bus),1
1000384,30.0,2023-01-02,3.69,7,2023-08-15 08:46:06,2023-09-22 18:18:10,King County Metro (Bus),1
1000385,26.0,2022-08-15,,0,2024-12-19 05:18:06,2024-11-06 23:21:29,Streetcar (tram),0
1000386,12.0,2023-02-01,2.75,7,2023-12-25 09:55:53,2022-10-16 10:13:33,Monorail,1
1000387,7.0,2022-02-03,4.28,7,2023-12-31 02:54:05,2022-07-03 14:13:00,Monorail,1
1000388,22.0,2023-10-15,2.29,3,2024-08-28 17:08:13,2023-01-14 07:42:11,Streetcar (tram),1
1000389,24.0,2022-12-20,1.48,4,2023-12-11 02:41:01,2022-06-28 03:32:53,Monorail,1
1000390,34.0,2024-08-09,1.68,5,2024-08-06 17:35:24,2023-02-12 21:44:17,Streetcar (tram),1
1000391,6.0,2023-01-27,3.95,3,2022-11-27 15:25:17,2022-09-01 09:14:30,King County Metro (Bus),1
1000392,21.0,2023-06-23,4.12,3,2022-10-08 08:10:19,2022-08-18 20:29:16,Link light Rail (train),1
1000393,16.0,2023-08-01,1.33,2,2024-01-15 03:56:37,2022-05-16 01:57:06,King County Metro (Bus),1
1000394,7.0,2022-08-01,1.82,7,2024-12-24 07:20:44,2024-09-17 07:23:41,Streetcar (tram),1
1000395,22.0,2024-03-09,,5,2024-04-29 19:24:19,2022-02-23 14:10:12,Link light Rail (train),1
1000396,25.0,2022-01-22,,6,2023-02-26 22:16:36,2022-03-10 11:39:55,Monorail,1
1000397,17.0,2022-07-17,2.98,0,2024-01-11 09:49:22,2024-10-29 05:11:00,Streetcar (tram),0
1000398,16.0,2023-09-24,1.97,1,2022-03-19 14:32:32,2024-08-05 09:59:30,Link light Rail (train),1
1000399,39.0,2023-11-21,2.14,1,2024-12-07 11:32:15,2024-08-18 03:10:41,Monorail,1
1000400,11.0,2022-10-21,3.05,7,2024-07-19 02:35:47,2023-02-05 09:43:55,Link light Rail (train),1
1000401,22.0,2024-02-29,1.14,4,2022-04-26 16:44:05,2023-11-19 05:42:16,Link light Rail (train),1
1000402,40.0,2023-05-10,2.5,1,2024-07-09 07:36:26,2022-09-10 23:04:09,King County Metro (Bus),1
1000403,27.0,2024-07-23,2.07,0,2022-04-07 14:39:27,2022-06-17 13:46:55,Streetcar (tram),0
1000404,11.0,2023-01-08,2.77,4,2022-04-06 17:48:38,2024-06-08 03:32:48,Link light Rail (train),1
1000405,2.0,2024-09-06,3.35,7,2022-03-28 12:19:41,2022-11-23 10:42:16,King County Metro (Bus),1
1000406,11.0,2023-07-16,2.21,4,2024-04-14 19:52:49,2022-09-20 19:58:00,Link light Rail (train),1
1000407,4.0,2022-08-28,1.01,2,2022-02-23 12:54:30,2022-09-30 17:48:04,Link light Rail (train),1
1000408,11.0,2023-07-13,2.99,6,2024-08-12 15:48:57,2023-03-15 02:35:59,King County Metro (Bus),1
1000409,38.0,2024-04-03,4.82,6,2023-03-19 06:20:21,2024-12-16 05:15:17,King County Metro (Bus),1
1000410,26.0,2024-10-27,3.29,0,2024-08-14 14:02:30,2024-12-05 02:17:21,Streetcar (tram),0
1000411,23.0,2022-11-21,4.29,4,2024-06-27 18:05:42,2022-04-02 16:35:49,King County Metro (Bus),1
1000412,29.0,2023-07-10,2.24,3,2024-11-29 07:02:18,2024-08-31 16:04:43,Streetcar (tram),1
1000413,32.0,2022-12-06,1.23,1,2022-07-02 03:48:33,2024-04-16 07:35:40,Monorail,1
1000414,20.0,2024-11-25,3.72,0,2023-03-15 13:30:53,2024-03-02 21:35:15,Link light Rail (train),0
1000415,40.0,2023-12-28,1.42,3,2024-02-29 19:57:33,2023-06-12 19:49:08,King County Metro (Bus),1
1000416,38.0,2022-10-17,4.29,3,2024-04-05 09:03:20,2024-12-30 23:07:30,Link light Rail (train),1
1000417,2.0,2022-06-23,4.52,2,2023-12-20 19:31:58,2024-07-31 08:03:13,Streetcar (tram),1
1000418,40.0,2022-08-04,1.95,6,2023-02-07 14:13:38,2022-04-26 16:42:35,Monorail,1
1000419,21.0,2023-05-06,2.42,1,2022-05-11 04:19:18,2024-03-03 04:20:33,Link light Rail (train),1
1000420,22.0,2024-11-30,3.97,6,2024-12-21 08:07:25,2022-04-02 17:21:11,Monorail,1
1000421,23.0,2022-11-26,2.85,3,2022-12-29 02:22:48,2024-09-23 05:29:21,Link light Rail (train),1
1000422,4.0,2022-09-17,4.65,6,2022-10-28 15:11:37,2023-03-25 19:09:54,Streetcar (tram),1
1000423,16.0,2022-04-25,3.13,6,2023-07-18 04:45:10,2024-10-29 12:19:41,Monorail,1
1000424,22.0,2022-07-09,1.08,4,2022-10-31 20:44:47,2023-05-07 06:11:53,Streetcar (tram),1
1000425,30.0,2023-09-15,2.03,5,2024-05-18 11:12:35,2024-02-02 23:12:50,King County Metro (Bus),1
1000426,37.0,2024-08-17,,5,2022-12-29 01:53:32,2023-01-18 17:29:01,King County Metro (Bus),1
1000427,27.0,2022-04-27,1.06,2,2024-07-21 05:33:32,2023-11-04 04:42:09,Streetcar (tram),1
1000428,15.0,2022-09-01,4.05,3,2024-01-04 14:35:18,2023-09-15 21:10:47,King County Metro (Bus),1
1000429,26.0,2023-10-30,4.58,5,2024-09-07 20:28:26,2023-01-31 20:48:09,Link light Rail (train),1
1000430,26.0,2024-03-26,1.87,4,2024-08-29 19:15:03,2023-05-12 05:28:57,Link light Rail (train),1
1000431,32.0,2023-02-27,1.47,1,2022-10-25 19:25:13,2023-08-05 09:53:14,King County Metro (Bus),1
1000432,38.0,2023-11-30,4.24,4,2022-05-01 11:49:21,2022-05-28 23:32:35,Streetcar (tram),1
1000433,16.0,2022-03-25,2.97,5,2023-09-08 06:32:40,2024-05-27 17:40:16,Monorail,1
1000434,30.0,2022-06-25,2.42,3,2024-05-04 07:23:55,2022-05-28 14:11:28,Link light Rail (train),1
1000435,,2024-01-24,3.19,1,2022-08-22 13:15:47,2022-01-26 09:09:28,Link light Rail (train),1
1000436,16.0,2022-01-12,4.58,3,2023-02-08 23:26:57,2023-02-04 21:12:51,Streetcar (tram),1
1000437,36.0,2023-12-18,3.84,7,2022-11-22 09:08:02,2024-11-13 14:48:20,King County Metro (Bus),1
1000438,14.0,2024-03-19,2.76,5,2023-02-23 14:14:22,2023-10-31 12:49:01,King County Metro (Bus),1
1000439,27.0,2022-02-22,2.63,6,2022-05-17 13:38:52,2022-07-19 15:18:06,Streetcar (tram),1
1000440,26.0,2022-11-05,2.89,2,2024-05-28 11:16:37,2024-09-12 12:27:49,King County Metro (Bus),1
1000441,24.0,2024-11-01,1.85,6,2023-04-16 10:36:10,2024-05-29 05:20:37,Streetcar (tram),1
1000442,23.0,2022-12-11,4.36,4,2022-01-04 21:53:15,2022-07-26 17:40:37,Monorail,1
1000443,29.0,2024-08-14,4.72,3,2023-05-21 17:43:59,2022-03-02 17:47:14,King County Metro (Bus),1
1000444,4.0,2022-01-10,4.89,3,2024-02-10 02:54:40,2024-01-06 17:38:41,Monorail,1
1000445,9.0,2023-09-16,4.0,5,2023-11-29 11:41:03,2024-11-08 17:04:49,Link light Rail (train),1
1000446,24.0,2024-07-29,4.57,4,2024-02-12 02:43:09,2023-08-21 07:08:12,Link light Rail (train),1
1000447,8.0,2023-11-21,2.02,2,2024-10-04 15:10:18,2024-09-19 15:59:02,Link light Rail (train),1
1000448,34.0,2022-03-04,1.3,4,2022-01-02 23:44:22,2024-12-25 21:30:39,King County Metro (Bus),1
1000449,18.0,2022-05-14,2.21,5,2022-09-19 19:13:13,2024-09-30 01:20:32,Streetcar (tram),1
1000450,17.0,2024-03-21,1.61,3,2022-10-31 05:02:59,2024-11-21 17:46:14,King County Metro (Bus),1
1000451,5.0,2022-03-03,2.22,5,2022-12-27 15:09:09,2023-12-03 03:24:05,Monorail,1
1000452,37.0,2024-04-11,2.2,3,2024-02-21 12:18:53,2023-03-21 09:45:50,King County Metro (Bus),1
1000453,31.0,2023-07-16,3.61,5,2024-07-09 12:54:30,2023-06-11 15:28:11,Link light Rail (train),1
1000454,19.0,2023-06-01,2.25,3,2024-03-12 00:29:52,2022-03-22 01:45:40,King County Metro (Bus),1
1000455,18.0,2022-08-02,3.38,3,2022-10-11 12:48:49,2022-04-28 14:26:31,Monorail,1
1000456,16.0,2023-12-30,1.28,7,2022-01-13 15:27:59,2022-11-08 03:58:42,Monorail,1
1000457,20.0,2023-08-12,2.74,3,2024-07-06 23:42:58,2023-11-20 04:01:49,King County Metro (Bus),1
1000458,33.0,2023-02-03,1.24,1,2022-08-17 14:08:07,2022-06-27 12:55:00,Monorail,1
1000459,39.0,2024-01-23,3.61,6,2023-09-09 12:15:23,2024-10-21 17:57:40,Streetcar (tram),1
1000460,3.0,2023-01-10,4.27,2,2022-05-09 07:46:17,2023-09-08 09:33:31,Monorail,1
1000461,33.0,2022-06-22,4.92,5,2023-05-27 07:19:07,2022-02-05 17:03:25,Streetcar (tram),1
1000462,39.0,2023-09-21,2.28,2,2022-11-27 00:29:35,2023-03-16 23:06:49,Monorail,1
1000463,27.0,2022-09-22,2.65,4,2023-02-11 15:24:35,2024-09-26 15:13:04,Link light Rail (train),1
1000464,1.0,2023-09-12,2.86,0,2024-12-07 00:00:51,2024-07-30 03:21:22,Streetcar (tram),0
1000465,40.0,2024-09-02,1.6,4,2024-05-31 12:27:40,2023-09-09 14:48:10,King County Metro (Bus),1
1000466,19.0,2023-02-14,1.68,3,2024-07-02 18:50:24,2024-05-24 03:32:28,King County Metro (Bus),1
1000467,11.0,2022-08-29,4.52,3,2023-11-08 14:50:15,2024-02-03 08:57:34,King County Metro (Bus),1
1000468,25.0,2022-06-07,1.06,2,2024-06-14 09:15:12,2022-05-23 13:31:01,Streetcar (tram),1
1000469,39.0,2023-08-26,1.86,5,2024-04-15 15:59:12,2023-06-04 13:24:53,Monorail,1
1000470,27.0,2023-05-11,1.44,3,2023-02-10 11:52:08,2023-04-16 14:48:54,Link light Rail (train),1
1000471,,2024-04-20,3.71,3,2022-12-01 18:56:25,2023-09-23 05:20:54,King County Metro (Bus),1
1000472,37.0,2022-01-23,4.82,5,2024-05-23 10:21:27,2024-06-10 02:12:30,Monorail,1
1000473,29.0,2023-12-09,3.48,4,2022-08-12 07:17:16,2024-07-30 12:17:52,Monorail,1
1000474,21.0,2022-05-01,3.45,5,2022-12-22 08:51:07,2023-12-23 15:40:59,Streetcar (tram),1
1000475,33.0,2023-05-14,3.51,7,2023-05-18 21:43:47,2022-01-25 16:20:58,Monorail,1
1000476,3.0,2022-12-20,1.12,7,2023-01-14 23:20:10,2023-04-12 22:01:01,Link light Rail (train),1
1000477,31.0,2023-04-27,3.5,5,2023-03-02 22:53:29,2023-12-01 02:54:39,Monorail,1
1000478,10.0,2023-06-17,4.18,0,2024-10-04 01:10:33,2023-07-05 11:31:45,Monorail,0
1000479,17.0,2024-07-30,3.71,7,2024-01-14 09:58:02,2023-06-22 06:36:15,Streetcar (tram),1
1000480,9.0,2022-09-09,2.85,1,2024-02-02 21:10:08,2022-12-23 04:59:07,King County Metro (Bus),1
1000481,39.0,2023-01-24,3.58,2,2024-11-29 02:09:12,2023-12-18 02:33:55,Streetcar (tram),1
1000482,38.0,2023-04-01,4.57,2,2024-11-20 07:27:59,2023-10-15 17:26:06,King County Metro (Bus),1
1000483,39.0,2024-08-17,3.79,4,2023-04-24 01:06:10,2022-05-25 19:44:47,Monorail,1
1000484,14.0,2024-07-17,3.25,0,2022-05-31 13:04:03,2023-08-27 15:55:44,Monorail,0
1000485,2.0,2022-04-14,1.61,7,2024-09-16 07:29:24,2023-05-25 13:35:16,King County Metro (Bus),1
1000486,18.0,2022-05-18,3.61,1,2024-02-19 09:06:38,2024-01-04 01:20:21,King County Metro (Bus),1
1000487,9.0,2024-03-06,3.65,6,2022-08-03 23:51:52,2024-04-20 09:32:54,King County Metro (Bus),1
1000488,27.0,2024-06-29,3.8,0,2023-10-12 13:13:58,2023-07-30 18:40:52,Streetcar (tram),0
1000489,25.0,2022-08-14,2.33,1,2023-10-03 07:29:53,2024-08-10 05:42:52,King County Metro (Bus),1
1000490,34.0,2023-09-05,3.29,7,2023-02-17 00:56:21,2023-05-26 23:21:42,Monorail,1
1000491,,2022-09-10,2.14,0,2022-03-23 21:52:11,2023-01-24 03:27:16,Streetcar (tram),0
1000492,37.0,2022-11-07,2.29,7,2022-10-10 09:30:15,2023-01-26 21:00:11,Link light Rail (train),1
1000493,21.0,2023-04-19,3.63,1,2022-07-13 20:33:13,2024-09-19 12:24:11,Link light Rail (train),1
1000494,20.0,2022-02-01,4.48,4,2022-03-12 06:18:48,2022-04-27 13:31:58,King County Metro (Bus),1
1000495,13.0,2023-01-01,4.19,6,2022-06-07 06:35:29,2022-02-01 04:26:12,Monorail,1
1000496,31.0,2024-10-31,3.29,5,2023-09-27 04:06:59,2024-03-24 11:14:55,King County Metro (Bus),1
1000497,2.0,2023-03-27,1.2,5,2024-05-07 12:55:50,2024-10-05 23:04:33,Monorail,1
1000498,15.0,2022-12-17,2.33,6,2022-04-05 21:58:02,2023-08-07 03:06:49,Monorail,1
1000499,11.0,2023-10-11,3.74,6,2023-09-13 05:08:19,2022-04-20 21:47:29,Link light Rail (train),1
1000500,31.0,2023-11-16,4.93,7,2022-10-26 22:38:22,2024-07-17 19:17:56,Streetcar (tram),1
1000501,27.0,2024-08-12,1.41,1,2024-12-15 05:12:46,2024-06-16 23:19:36,King County Metro (Bus),1
1000502,32.0,2022-09-13,1.32,3,2024-11-18 00:39:43,2023-08-09 06:14:25,Link light Rail (train),1
1000503,3.0,2022-10-22,4.52,4,2024-06-03 03:41:15,2024-08-29 08:04:48,Streetcar (tram),1
1000504,10.0,2022-09-17,3.77,3,2023-02-14 22:10:47,2023-05-31 11:01:39,King County Metro (Bus),1
1000505,20.0,2024-05-14,4.27,2,2024-02-10 07:19:45,2024-04-23 18:34:31,King County Metro (Bus),1
1000506,7.0,2024-02-11,2.7,3,2023-11-11 09:19:05,2023-04-21 22:12:48,King County Metro (Bus),1
1000507,22.0,2022-04-22,2.53,0,2022-12-18 13:03:36,2022-04-24 12:12:16,Streetcar (tram),0
1000508,1.0,2023-07-13,,0,2024-07-27 15:03:28,2023-03-20 22:53:00,Streetcar (tram),0
1000509,38.0,2024-07-18,4.14,6,2022-10-27 00:57:47,2024-04-13 01:42:56,Streetcar (tram),1
1000510,24.0,2024-06-01,3.36,4,2024-08-23 08:56:04,2024-02-29 00:56:15,Streetcar (tram),1
1000511,10.0,2024-10-06,1.77,4,2024-12-30 16:42:46,2024-07-01 14:38:11,Streetcar (tram),1
1000512,15.0,2024-05-15,4.35,2,2024-08-15 03:46:42,2022-07-07 16:41:04,King County Metro (Bus),1
1000513,10.0,2022-10-08,3.54,0,2022-08-23 14:37:13,2022-07-14 08:07:24,Link light Rail (train),0
1000514,9.0,2023-08-23,3.76,1,2023-05-18 07:52:46,2024-05-09 08:43:16,Streetcar (tram),1
1000515,34.0,2024-07-20,1.48,6,2023-07-04 21:31:48,2024-03-09 21:01:45,Monorail,1
1000516,40.0,2022-07-17,2.63,0,2024-04-26 10:41:30,2022-11-25 23:45:12,Monorail,0
1000517,18.0,2024-02-06,1.25,2,2024-12-22 08:28:46,2023-07-12 11:40:21,Streetcar (tram),1
1000518,39.0,2024-04-01,3.55,6,2023-08-21 05:46:06,2022-02-03 13:55:25,King County Metro (Bus),1
1000519,7.0,2023-10-29,2.97,0,2024-10-03 23:36:02,2022-09-07 02:33:58,Link light Rail (train),0
1000520,13.0,2023-04-10,4.41,7,2023-04-02 09:46:38,2023-04-03 08:03:26,King County Metro (Bus),1
1000521,9.0,2022-04-04,4.35,3,2023-03-03 05:48:30,2023-09-17 21:23:00,Monorail,1
1000522,5.0,2024-02-04,2.4,0,2022-11-07 04:37:26,2023-10-29 09:39:02,Monorail,0
1000523,8.0,2023-10-22,3.22,3,2023-03-01 15:25:16,2023-11-16 21:42:19,Link light Rail (train),1
1000524,15.0,2022-03-25,3.52,4,2022-09-24 10:49:28,2024-06-06 20:36:30,Link light Rail (train),1
1000525,22.0,2022-07-13,4.85,0,2024-02-02 10:30:14,2023-01-02 08:23:26,King County Metro (Bus),0
1000526,22.0,2024-01-22,1.48,3,2024-08-13 13:12:11,2022-06-11 05:50:44,Monorail,1
1000527,38.0,2023-08-28,1.12,2,2022-05-10 05:46:55,2023-05-10 03:52:24,King County Metro (Bus),1
1000528,7.0,2024-12-04,1.02,5,2023-05-09 02:38:05,2024-12-02 07:39:18,King County Metro (Bus),1
1000529,30.0,2023-05-18,1.26,5,2023-05-09 08:14:00,2024-08-28 14:51:43,King County Metro (Bus),1
1000530,32.0,2024-07-14,2.25,5,2023-12-18 02:02:11,2023-03-25 18:37:55,Streetcar (tram),1
1000531,15.0,2022-02-01,2.35,1,2022-07-09 16:19:13,2022-06-02 11:31:31,Link light Rail (train),1
1000532,1.0,2024-05-19,1.54,2,2024-05-08 07:48:31,2022-03-08 00:19:54,Streetcar (tram),1
1000533,34.0,2022-09-10,2.32,1,2023-10-31 21:03:20,2024-05-05 21:39:32,Streetcar (tram),1
1000534,5.0,2023-10-26,4.89,6,2024-04-28 19:09:35,2022-08-10 07:37:35,Streetcar (tram),1
1000535,10.0,2023-08-01,2.79,5,2022-08-20 03:26:41,2023-06-24 12:35:42,Link light Rail (train),1
1000536,35.0,2024-05-28,3.11,6,2022-08-27 10:00:23,2024-08-23 14:46:32,Streetcar (tram),1
1000537,15.0,2022-11-24,4.45,2,2022-02-14 04:49:24,2022-07-18 16:08:20,Link light Rail (train),1
1000538,39.0,2024-06-07,2.84,6,2023-12-19 11:43:04,2024-11-17 02:18:17,King County Metro (Bus),1
1000539,1.0,2024-06-22,2.72,7,2023-10-30 06:17:27,2024-03-30 02:21:49,King County Metro (Bus),1
1000540,1.0,2024-04-13,1.7,7,2022-09-21 10:31:24,2024-11-30 18:02:04,Link light Rail (train),1
1000541,15.0,2024-11-09,2.49,3,2023-03-19 14:16:47,2024-10-30 02:43:44,Link light Rail (train),1
1000542,7.0,2023-02-16,3.77,5,2022-12-19 07:49:37,2024-01-22 16:15:46,Monorail,1
1000543,30.0,2024-03-06,1.35,1,2023-04-25 20:00:10,2023-04-22 15:34:23,King County Metro (Bus),1
1000544,15.0,2023-10-23,3.93,6,2023-04-11 08:39:50,2023-09-27 01:54:00,Monorail,1
1000545,30.0,2024-08-06,3.87,5,2024-03-01 18:12:45,2024-06-01 22:01:44,Link light Rail (train),1
1000546,40.0,2024-09-19,2.38,5,2024-11-12 05:04:23,2023-09-20 05:07:32,Streetcar (tram),1
1000547,23.0,2022-02-13,2.71,5,2024-09-26 19:31:57,2024-06-23 00:06:45,King County Metro (Bus),1
1000548,31.0,2022-01-23,4.65,2,2023-01-16 10:25:48,2023-01-19 21:54:30,King County Metro (Bus),1
1000549,3.0,2023-11-22,4.0,1,2023-06-29 16:47:38,2022-05-01 07:54:35,King County Metro (Bus),1
1000550,3.0,2022-04-07,4.41,0,2023-11-20 18:24:43,2022-01-01 10:16:38,King County Metro (Bus),0
1000551,8.0,2024-09-26,3.19,6,2022-09-06 04:38:09,2024-08-28 02:13:05,King County Metro (Bus),1
1000552,12.0,2022-07-22,2.41,2,2023-11-04 05:27:09,2024-11-19 14:40:13,Link light Rail (train),1
1000553,19.0,2024-01-07,2.1,2,2024-09-27 22:57:44,2023-06-01 04:22:36,Streetcar (tram),1
1000554,30.0,2024-04-17,1.98,3,2024-12-25 08:01:35,2023-07-22 22:47:15,Monorail,1
1000555,9.0,2024-04-21,3.62,5,2023-11-30 19:55:16,2022-02-06 22:06:30,Link light Rail (train),1
1000556,22.0,2022-09-23,4.65,5,2023-12-01 19:58:47,2022-11-06 08:56:57,Link light Rail (train),1
1000557,18.0,2024-06-19,4.84,2,2024-04-29 04:50:27,2022-05-15 23:51:29,Monorail,1
1000558,7.0,2024-06-26,2.98,3,2022-01-12 07:28:31,2024-06-04 05:56:23,Link light Rail (train),1
1000559,19.0,2024-01-27,3.73,2,2023-04-17 22:18:16,2022-01-02 09:28:53,Link light Rail (train),1
1000560,22.0,2023-12-13,1.82,2,2022-05-16 20:04:08,2024-07-22 09:35:38,Link light Rail (train),1
1000561,6.0,2024-04-07,2.57,6,2024-04-08 06:39:59,2024-04-02 03:45:03,Monorail,1
1000562,5.0,2023-11-18,2.49,3,2024-11-05 19:29:18,2022-12-09 15:54:11,Streetcar (tram),1
1000563,38.0,2022-08-04,1.54,5,2024-10-29 14:16:11,2022-10-06 05:06:39,Streetcar (tram),1
1000564,31.0,2023-04-15,1.12,6,2022-06-22 11:00:04,2023-01-17 03:17:13,King County Metro (Bus),1
1000565,37.0,2024-04-08,1.18,4,2024-10-11 19:53:04,2022-08-11 19:37:09,Monorail,1
1000566,40.0,2023-03-29,2.94,7,2024-03-24 22:25:27,2024-05-07 15:53:46,Link light Rail (train),1
1000567,22.0,2024-06-04,1.71,1,2023-06-24 21:03:06,2022-04-16 06:39:50,Streetcar (tram),1
1000568,38.0,2023-01-28,1.21,3,2023-03-08 14:21:08,2022-05-04 14:31:55,Link light Rail (train),1
1000569,10.0,2023-06-26,4.37,2,2024-01-29 15:02:23,2023-06-17 09:05:22,Monorail,1
1000570,39.0,2024-11-22,,2,2022-08-04 09:35:58,2024-10-14 13:19:02,Monorail,1
1000571,24.0,2022-03-09,2.67,2,2022-09-11 07:10:04,2022-10-29 21:46:01,King County Metro (Bus),1
1000572,35.0,2024-10-04,4.69,2,2024-02-15 17:55:47,2023-11-28 16:50:13,Streetcar (tram),1
1000573,12.0,2024-10-27,1.76,2,2024-09-19 22:34:20,2023-09-09 12:36:18,Link light Rail (train),1
1000574,25.0,2022-07-30,4.33,5,2023-04-11 23:04:11,2024-07-02 13:08:35,Streetcar (tram),1
1000575,16.0,2022-09-30,,0,2023-05-25 03:41:23,2023-03-28 09:31:52,King County Metro (Bus),0
1000576,20.0,2022-09-20,2.92,2,2024-08-23 03:53:12,2023-06-05 06:48:02,Streetcar (tram),1
1000577,13.0,2022-06-10,2.23,2,2024-09-13 06:42:49,2023-10-12 17:39:26,Link light Rail (train),1
1000578,25.0,2023-07-02,4.78,3,2022-05-13 12:20:25,2022-12-08 15:20:01,Link light Rail (train),1
1000579,19.0,2023-02-21,1.69,1,2023-09-15 17:24:40,2024-06-05 08:07:59,Monorail,1
1000580,19.0,2024-06-18,1.39,3,2023-08-26 11:26:08,2022-03-04 08:56:28,Streetcar (tram),1
1000581,30.0,2024-09-20,3.31,2,2022-06-17 18:35:12,2022-09-26 20:13:35,Streetcar (tram),1
1000582,24.0,2024-03-15,2.82,4,2022-06-08 04:09:11,2024-04-18 13:45:17,Monorail,1
1000583,38.0,2024-11-13,1.05,1,2024-12-28 17:20:55,2023-08-31 00:41:53,Monorail,1
1000584,13.0,2023-04-01,3.74,5,2024-12-24 00:34:29,2023-01-27 21:12:50,Link light Rail (train),1
1000585,11.0,2022-02-10,3.5,2,2022-11-01 06:11:08,2022-06-18 04:12:25,Link light Rail (train),1
1000586,13.0,2023-03-27,3.95,0,2022-05-17 17:22:05,2024-06-06 13:50:35,Link light Rail (train),0
1000587,5.0,2024-06-24,2.32,3,2024-01-13 23:46:13,2023-04-15 02:06:46,King County Metro (Bus),1
1000588,11.0,2022-10-06,2.82,3,2024-12-10 11:27:23,2022-10-25 03:14:45,Monorail,1
1000589,36.0,2022-03-09,1.75,4,2023-10-07 00:50:24,2022-03-17 22:35:26,Streetcar (tram),1
1000590,27.0,2022-05-12,1.19,4,2024-08-02 08:48:06,2022-02-09 15:29:58,King County Metro (Bus),1
1000591,11.0,2022-06-02,1.55,2,2022-01-27 23:13:21,2023-02-20 05:05:59,Streetcar (tram),1
1000592,7.0,2023-03-07,2.95,1,2022-03-26 11:35:32,2023-11-06 05:48:27,Monorail,1
1000593,28.0,2024-04-07,3.4,7,2024-11-01 18:58:11,2023-05-05 10:09:35,Streetcar (tram),1
1000594,1.0,2022-01-28,3.82,3,2023-11-07 06:34:01,2023-09-13 22:53:11,King County Metro (Bus),1
1000595,1.0,2023-03-17,1.14,6,2022-04-04 16:03:10,2022-07-10 18:19:31,Monorail,1
1000596,15.0,2024-03-12,1.64,3,2023-02-21 15:37:15,2024-08-08 14:25:59,King County Metro (Bus),1
1000597,8.0,2024-01-11,4.63,2,2024-08-05 16:32:49,2022-04-16 17:46:58,King County Metro (Bus),1
1000598,18.0,2023-01-12,2.83,0,2024-01-21 02:12:25,2022-10-03 13:03:00,Streetcar (tram),0
1000599,31.0,2022-08-17,2.35,2,2024-06-19 08:01:34,2023-08-19 18:21:53,Link light Rail (train),1
1000600,31.0,2024-09-17,1.35,4,2022-05-02 04:23:42,2024-12-16 05:58:26,Link light Rail (train),1
1000601,37.0,2022-04-01,2.5,0,2023-06-16 22:12:35,2023-02-22 17:36:50,King County Metro (Bus),0
1000602,12.0,2023-01-31,1.65,7,2022-10-12 18:54:35,2023-08-17 14:00:04,Link light Rail (train),1
1000603,11.0,2022-08-04,3.1,0,2024-11-11 19:02:36,2022-04-09 05:00:22,Streetcar (tram),0
1000604,30.0,2023-01-21,,0,2023-04-02 12:59:27,2022-02-21 18:42:36,Streetcar (tram),0
1000605,9.0,2022-05-22,3.87,4,2022-09-25 18:50:34,2023-05-31 20:37:36,Monorail,1
1000606,17.0,2022-02-17,4.73,3,2024-10-21 10:04:54,2022-07-04 02:01:18,Streetcar (tram),1
1000607,8.0,2023-07-05,3.89,5,2023-06-12 10:38:56,2022-04-12 07:16:02,Link light Rail (train),1
1000608,23.0,2024-12-04,4.53,2,2024-05-24 19:33:44,2024-07-10 13:56:12,Streetcar (tram),1
1000609,20.0,2022-12-28,4.76,2,2022-02-10 01:59:46,2024-08-10 15:29:48,Link light Rail (train),1
1000610,37.0,2023-02-18,2.62,0,2022-09-04 00:33:05,2023-11-27 05:30:18,Link light Rail (train),0
1000611,38.0,2022-08-13,3.09,5,2024-02-20 22:31:28,2023-07-20 18:57:25,King County Metro (Bus),1
1000612,40.0,2023-09-30,4.76,0,2024-09-08 22:25:47,2024-11-23 03:01:15,King County Metro (Bus),0
1000613,26.0,2022-05-17,4.74,2,2024-11-07 15:05:03,2024-12-11 19:28:36,Link light Rail (train),1
1000614,2.0,2024-11-26,4.42,7,2022-05-12 14:00:55,2023-03-18 11:33:49,King County Metro (Bus),1
1000615,28.0,2024-12-18,2.53,5,2023-12-24 07:24:39,2022-04-12 09:50:11,Monorail,1
1000616,37.0,2022-05-03,1.66,7,2023-04-15 21:31:23,2023-10-20 04:11:06,Monorail,1
1000617,9.0,2024-05-01,1.77,7,2022-09-21 17:04:26,2024-01-20 13:49:15,Monorail,1
1000618,5.0,2022-07-07,2.93,7,2024-03-06 09:08:16,2024-06-15 04:43:20,King County Metro (Bus),1
1000619,27.0,2022-04-25,4.81,5,2023-12-19 21:39:40,2024-08-22 13:23:37,King County Metro (Bus),1
1000620,2.0,2024-07-22,2.08,5,2024-05-01 04:51:07,2023-06-04 10:01:08,King County Metro (Bus),1
1000621,9.0,2022-10-06,3.12,5,2024-05-06 03:55:13,2024-06-19 04:08:42,Streetcar (tram),1
1000622,2.0,2022-02-01,1.75,1,2022-01-27 07:30:25,2022-03-09 17:38:17,Streetcar (tram),1
1000623,17.0,2022-06-13,4.3,4,2024-05-09 05:55:01,2024-03-28 06:43:18,King County Metro (Bus),1
1000624,23.0,2023-11-09,4.45,3,2024-03-13 11:04:51,2022-06-18 00:08:59,Streetcar (tram),1
1000625,33.0,2024-10-12,1.93,6,2022-04-27 19:13:52,2023-09-16 01:31:37,Monorail,1
1000626,1.0,2023-04-17,4.7,7,2022-09-30 21:46:24,2024-04-12 18:46:53,Streetcar (tram),1
1000627,26.0,2022-01-25,2.99,7,2023-10-20 19:57:00,2022-09-11 23:48:47,Monorail,1
1000628,14.0,2023-02-07,,6,2023-02-12 19:16:15,2022-11-28 22:53:58,Link light Rail (train),1
1000629,8.0,2024-02-21,1.9,3,2023-12-08 00:47:15,2023-12-21 18:42:30,King County Metro (Bus),1
1000630,,2022-05-20,4.54,3,2023-12-08 11:56:52,2022-03-07 12:22:27,Link light Rail (train),1
1000631,12.0,2023-03-16,4.18,3,2023-06-07 07:23:09,2024-02-28 23:32:54,King County Metro (Bus),1
1000632,5.0,2023-09-12,,7,2023-11-21 22:24:58,2022-01-04 08:07:57,Monorail,1
1000633,4.0,2023-03-07,2.98,7,2024-05-13 23:57:14,2024-08-05 19:28:01,Monorail,1
1000634,4.0,2022-06-02,4.67,0,2023-12-31 18:28:37,2022-02-23 14:11:46,Monorail,0
1000635,20.0,2024-06-26,1.61,5,2022-11-21 21:06:39,2022-10-28 12:48:34,Monorail,1
1000636,28.0,2024-10-25,2.2,5,2024-06-25 05:09:24,2024-12-17 05:38:39,Monorail,1
1000637,32.0,2024-01-20,3.3,4,2022-10-13 07:50:38,2023-02-21 16:00:05,Monorail,1
1000638,4.0,2023-08-29,2.45,2,2024-02-26 05:44:01,2024-03-15 17:56:18,Streetcar (tram),1
1000639,38.0,2022-06-04,1.42,6,2023-06-30 11:20:54,2022-05-29 12:47:49,King County Metro (Bus),1
1000640,40.0,2024-08-29,2.78,4,2022-04-11 04:38:17,2022-05-29 07:36:28,Link light Rail (train),1
1000641,6.0,2024-09-20,2.67,3,2024-01-10 21:11:55,2022-06-16 19:45:11,Monorail,1
1000642,27.0,2024-06-02,2.81,4,2022-05-07 07:14:07,2022-02-21 03:11:01,Monorail,1
1000643,39.0,2024-05-27,3.44,3,2022-01-09 01:16:06,2024-02-01 11:32:42,Streetcar (tram),1
1000644,33.0,2024-03-09,3.97,0,2023-02-21 01:34:18,2024-04-25 03:53:24,Monorail,0
1000645,10.0,2022-06-26,2.24,0,2022-12-12 14:00:42,2022-08-23 21:26:43,King County Metro (Bus),0
1000646,17.0,2023-05-17,1.75,2,2022-04-02 15:07:46,2022-01-14 08:43:15,Streetcar (tram),1
1000647,3.0,2023-04-22,1.89,0,2023-03-27 19:17:40,2023-02-10 14:00:22,Link light Rail (train),0
1000648,25.0,2023-04-14,5.0,2,2024-04-20 06:42:04,2022-05-04 04:22:55,Streetcar (tram),1
1000649,9.0,2022-09-05,2.5,2,2022-06-21 09:14:10,2024-10-16 00:01:53,Streetcar (tram),1
1000650,13.0,2023-10-21,3.38,2,2024-08-14 07:01:33,2023-09-12 15:20:28,Monorail,1
1000651,7.0,2023-03-28,4.97,6,2024-01-12 23:28:23,2023-07-11 08:57:11,Link light Rail (train),1
1000652,16.0,2022-01-26,4.67,1,2022-03-30 17:47:57,2023-11-19 20:36:22,Streetcar (tram),1
1000653,16.0,2023-08-11,1.06,4,2024-05-13 01:33:38,2023-08-26 08:57:31,Streetcar (tram),1
1000654,5.0,2022-02-21,1.97,2,2024-09-14 20:15:15,2022-10-13 23:05:19,Monorail,1
1000655,8.0,2024-07-29,3.42,3,2023-08-10 10:12:13,2024-10-07 13:59:51,Link light Rail (train),1
1000656,24.0,2022-06-05,2.14,2,2024-10-20 15:50:29,2023-05-17 07:07:55,King County Metro (Bus),1
1000657,15.0,2023-11-04,4.54,7,2024-01-20 19:01:16,2022-01-21 22:42:15,Link light Rail (train),1
1000658,14.0,2024-07-02,1.67,1,2022-12-23 11:47:38,2023-01-03 12:15:07,Link light Rail (train),1
1000659,17.0,2023-05-15,2.28,5,2024-07-16 09:14:18,2023-02-24 05:14:54,Streetcar (tram),1
1000660,14.0,2023-07-26,1.46,6,2022-07-06 06:58:14,2023-11-29 14:34:09,King County Metro (Bus),1
1000661,12.0,2023-07-02,2.31,3,2024-06-07 18:19:16,2022-04-22 23:04:16,King County Metro (Bus),1
1000662,19.0,2022-01-26,2.49,4,2022-11-14 22:49:16,2022-02-19 04:54:14,Link light Rail (train),1
1000663,38.0,2023-11-29,4.71,1,2024-11-01 04:17:39,2024-03-12 23:16:47,Link light Rail (train),1
1000664,19.0,2022-10-11,1.13,3,2022-10-10 11:42:33,2023-07-30 19:08:51,King County Metro (Bus),1
1000665,27.0,2022-08-08,4.73,1,2022-04-09 21:57:39,2023-11-30 21:17:11,Streetcar (tram),1
1000666,1.0,2022-03-24,1.66,2,2023-01-24 21:27:15,2024-08-31 04:14:42,King County Metro (Bus),1
1000667,29.0,2023-03-01,3.02,1,2022-08-07 20:33:42,2022-06-13 07:28:29,Monorail,1
1000668,34.0,2024-11-29,4.1,2,2022-04-20 22:59:09,2024-07-23 06:08:45,Link light Rail (train),1
1000669,9.0,2024-08-08,1.37,3,2023-07-25 02:44:49,2022-07-05 16:55:11,Streetcar (tram),1
1000670,29.0,2022-05-25,1.67,5,2022-01-31 17:38:05,2022-01-03 16:26:36,Monorail,1
1000671,1.0,2022-10-08,2.84,6,2022-08-16 09:40:02,2023-07-03 01:28:21,King County Metro (Bus),1
1000672,27.0,2022-03-15,4.27,3,2023-12-27 01:38:53,2023-08-01 06:46:06,King County Metro (Bus),1
1000673,16.0,2023-07-22,1.56,7,2024-10-01 11:29:05,2023-11-30 07:27:47,Link light Rail (train),1
1000674,28.0,2023-12-01,2.1,6,2022-09-14 07:21:30,2024-12-18 11:32:49,King County Metro (Bus),1
1000675,,2024-08-05,4.16,6,2022-09-09 02:26:12,2024-02-25 05:09:08,Streetcar (tram),1
1000676,16.0,2023-07-07,3.27,1,2024-03-17 17:03:25,2023-12-15 08:47:23,King County Metro (Bus),1
1000677,8.0,2023-02-17,4.42,5,2023-01-06 23:22:55,2022-11-21 00:40:56,Link light Rail (train),1
1000678,29.0,2023-06-25,1.98,0,2022-09-27 05:27:54,2022-06-05 11:26:00,Monorail,0
1000679,6.0,2022-05-25,4.06,7,2024-02-23 21:41:39,2023-10-08 19:56:45,Streetcar (tram),1
1000680,17.0,2024-12-17,4.36,5,2022-04-25 16:32:49,2022-02-01 05:30:32,Link light Rail (train),1
1000681,2.0,2022-09-11,2.16,5,2024-04-15 02:36:21,2022-04-10 22:23:26,Link light Rail (train),1
1000682,26.0,2023-02-12,4.12,2,2022-02-23 14:46:40,2024-01-27 21:03:06,Streetcar (tram),1
1000683,29.0,2024-01-09,2.59,2,2023-04-01 12:14:53,2024-04-09 11:53:26,Streetcar (tram),1
1000684,17.0,2024-03-28,3.02,1,2024-08-22 22:42:32,2023-09-18 20:39:13,Streetcar (tram),1
1000685,35.0,2024-06-05,1.43,1,2023-10-06 08:09:13,2023-05-18 10:41:24,Streetcar (tram),1
1000686,27.0,2022-12-02,4.35,6,2023-08-13 17:30:51,2022-07-10 05:16:36,Streetcar (tram),1
1000687,23.0,2024-09-08,3.71,6,2022-07-19 16:26:19,2023-01-10 23:34:49,King County Metro (Bus),1
1000688,20.0,2024-09-29,3.25,0,2024-02-29 06:34:26,2024-01-25 08:05:43,Monorail,0
1000689,6.0,2023-07-08,1.57,2,2024-06-23 17:45:35,2023-10-20 08:41:07,King County Metro (Bus),1
1000690,7.0,2024-05-13,3.05,7,2022-01-19 11:23:53,2023-12-27 18:42:29,Link light Rail (train),1
1000691,3.0,2024-08-18,1.34,3,2024-01-24 21:21:45,2022-01-16 20:30:55,Link light Rail (train),1
1000692,21.0,2022-05-21,3.92,3,2022-12-28 07:14:26,2022-12-25 07:23:11,Link light Rail (train),1
1000693,34.0,2024-03-15,4.22,1,2022-02-05 00:33:09,2024-01-07 02:45:19,Monorail,1
1000694,36.0,2022-01-22,3.9,6,2024-03-21 07:36:09,2023-02-12 05:00:30,King County Metro (Bus),1
1000695,17.0,2024-11-20,3.38,1,2023-04-28 06:57:25,2022-11-06 20:10:00,Monorail,1
1000696,19.0,2024-09-04,2.96,3,2023-08-26 22:46:14,2024-09-28 01:22:17,King County Metro (Bus),1
1000697,40.0,2024-09-11,4.15,1,2023-07-10 11:37:09,2023-11-21 22:28:17,King County Metro (Bus),1
1000698,38.0,2023-03-27,1.82,5,2022-06-29 23:30:39,2022-07-15 22:32:33,Link light Rail (train),1
1000699,9.0,2024-06-21,3.8,2,2023-01-20 22:23:49,2022-12-13 10:27:51,King County Metro (Bus),1
1000700,4.0,2022-08-03,4.96,7,2023-08-16 17:40:29,2022-09-02 12:51:25,Link light Rail (train),1
1000701,31.0,2022-06-05,2.06,2,2024-05-28 18:36:29,2023-04-25 06:53:47,Monorail,1
1000702,3.0,2024-03-03,2.51,3,2023-09-29 18:41:52,2023-08-28 10:07:39,Link light Rail (train),1
1000703,5.0,2024-10-28,,0,2023-03-10 11:16:55,2024-11-02 20:15:04,Link light Rail (train),0
1000704,9.0,2022-08-28,1.62,1,2023-06-07 05:26:03,2024-07-22 14:47:01,Link light Rail (train),1
1000705,5.0,2023-05-16,4.07,7,2024-02-28 05:09:09,2023-04-21 17:49:52,Link light Rail (train),1
1000706,19.0,2024-08-28,2.91,0,2023-09-19 07:12:55,2024-11-15 18:00:47,Monorail,0
1000707,27.0,2023-03-18,2.41,4,2022-04-07 14:21:22,2022-12-19 13:14:53,Monorail,1
1000708,15.0,2022-05-22,4.27,6,2023-06-06 11:16:21,2022-01-29 20:31:06,Link light Rail (train),1
1000709,14.0,2022-02-20,3.44,2,2024-06-10 14:20:47,2024-10-08 22:07:20,King County Metro (Bus),1
1000710,33.0,2023-05-11,4.16,6,2023-02-02 22:33:02,2023-08-17 19:34:19,King County Metro (Bus),1
1000711,4.0,2023-07-19,2.55,4,2024-05-13 07:40:48,2023-02-08 23:08:17,Link light Rail (train),1
1000712,15.0,2023-08-31,1.45,1,2022-05-06 13:30:08,2024-04-12 22:26:02,Streetcar (tram),1
1000713,13.0,2023-10-27,4.94,1,2022-12-05 08:13:14,2022-02-06 20:54:28,Streetcar (tram),1
1000714,40.0,2024-03-16,3.58,2,2024-01-23 03:25:06,2023-09-30 22:33:30,King County Metro (Bus),1
1000715,3.0,2022-05-08,1.23,6,2023-03-18 10:30:00,2022-07-21 12:14:29,Monorail,1
1000716,19.0,2023-04-16,2.95,6,2023-10-07 09:38:41,2022-03-06 12:37:02,King County Metro (Bus),1
1000717,36.0,2022-12-19,4.74,0,2024-11-16 22:13:05,2024-07-05 23:03:08,Monorail,0
1000718,14.0,2022-03-29,4.27,3,2024-04-24 03:06:41,2022-04-21 06:45:02,Link light Rail (train),1
1000719,18.0,2023-07-18,,2,2022-03-20 03:37:17,2022-06-24 15:27:23,Link light Rail (train),1
1000720,21.0,2022-01-17,4.12,6,2024-03-30 07:17:12,2022-02-27 20:17:11,Monorail,1
1000721,15.0,2022-07-04,4.54,0,2022-11-18 02:00:35,2024-08-18 15:23:58,Streetcar (tram),0
1000722,37.0,2022-08-14,2.53,7,2023-02-10 13:10:09,2024-02-11 02:47:20,Streetcar (tram),1
1000723,27.0,2023-07-06,4.23,6,2022-07-03 09:30:01,2023-03-30 04:27:06,King County Metro (Bus),1
1000724,38.0,2022-02-14,3.82,6,2022-06-02 08:35:08,2024-01-18 18:11:08,King County Metro (Bus),1
1000725,22.0,2022-02-12,4.35,2,2023-06-09 12:22:21,2022-06-27 18:52:09,Link light Rail (train),1
1000726,32.0,2024-04-26,4.0,3,2023-09-06 16:34:59,2024-02-21 03:30:10,Link light Rail (train),1
1000727,37.0,2024-12-24,2.24,2,2024-04-21 06:47:20,2023-06-06 20:56:44,Monorail,1
1000728,35.0,2024-11-07,4.25,1,2024-02-24 17:41:56,2023-01-24 09:31:03,King County Metro (Bus),1
1000729,38.0,2023-07-29,1.7,2,2022-05-04 03:24:21,2022-12-26 20:19:10,Streetcar (tram),1
1000730,14.0,2023-10-11,3.71,5,2023-02-16 19:58:28,2022-05-17 15:00:20,King County Metro (Bus),1
1000731,32.0,2023-11-17,4.28,7,2023-03-27 09:05:50,2024-01-22 12:20:13,Streetcar (tram),1
1000732,18.0,2022-11-12,3.36,5,2023-10-14 01:25:50,2022-06-17 01:37:37,King County Metro (Bus),1
1000733,25.0,2024-08-01,1.62,0,2023-01-04 13:20:47,2024-09-23 20:22:26,Streetcar (tram),0
1000734,22.0,2024-12-21,3.46,2,2023-01-30 13:57:34,2024-06-05 20:47:40,Streetcar (tram),1
1000735,35.0,2022-10-06,4.54,7,2023-04-06 17:42:41,2023-07-14 09:59:33,Link light Rail (train),1
1000736,4.0,2024-08-31,4.3,3,2022-10-13 06:52:55,2023-08-09 18:22:09,King County Metro (Bus),1
1000737,12.0,2024-09-25,2.9,3,2023-08-29 06:44:52,2022-03-27 07:40:48,Streetcar (tram),1
1000738,17.0,2023-11-30,3.54,0,2024-06-23 14:52:42,2023-05-13 01:12:42,Link light Rail (train),0
1000739,7.0,2024-09-16,3.96,6,2022-06-27 10:16:58,2024-11-05 00:22:33,Monorail,1
1000740,37.0,2023-09-28,3.83,3,2023-08-18 03:08:18,2022-07-01 19:21:37,King County Metro (Bus),1
1000741,23.0,2023-09-28,4.56,6,2022-07-03 08:36:04,2022-09-21 12:32:28,Monorail,1
1000742,9.0,2022-03-29,1.04,1,2022-07-30 10:20:10,2024-04-05 07:07:18,Link light Rail (train),1
1000743,29.0,2022-05-03,4.97,0,2023-08-13 04:17:00,2023-08-11 18:15:46,Monorail,0
1000744,20.0,2022-07-21,3.29,6,2023-11-01 19:27:06,2024-08-15 00:13:54,Link light Rail (train),1
1000745,19.0,2022-02-05,2.71,6,2022-09-10 13:24:24,2024-07-16 20:15:47,King County Metro (Bus),1
1000746,40.0,2022-01-15,3.56,5,2023-08-10 10:15:42,2023-12-19 13:24:57,Link light Rail (train),1
1000747,18.0,2023-09-22,4.66,1,2024-12-06 15:42:49,2024-08-12 11:18:35,King County Metro (Bus),1
1000748,21.0,2022-04-01,1.53,0,2024-05-24 19:05:05,2022-07-17 14:02:50,Monorail,0
1000749,23.0,2024-06-29,3.0,4,2024-11-07 12:03:22,2024-11-23 12:12:01,Link light Rail (train),1
1000750,1.0,2022-07-27,1.69,2,2022-09-19 01:52:13,2022-06-14 15:58:28,Streetcar (tram),1
1000751,27.0,2023-04-07,2.65,7,2023-06-09 17:44:57,2024-01-09 15:56:20,Monorail,1
1000752,38.0,2022-05-06,4.53,7,2024-06-22 00:13:35,2024-08-24 03:58:37,King County Metro (Bus),1
1000753,15.0,2024-07-28,4.61,3,2024-03-28 00:54:10,2022-06-20 00:07:01,King County Metro (Bus),1
1000754,14.0,2022-09-22,1.05,3,2024-10-01 19:01:29,2023-03-08 09:57:58,Streetcar (tram),1
1000755,29.0,2022-01-15,4.28,4,2023-11-13 23:50:00,2024-07-11 00:30:27,Monorail,1
1000756,28.0,2023-01-26,1.71,3,2023-09-18 23:08:30,2024-03-16 17:01:03,Streetcar (tram),1
1000757,26.0,2023-10-28,1.65,5,2022-08-12 06:11:37,2022-10-04 11:21:23,Link light Rail (train),1
1000758,6.0,2023-08-20,3.18,0,2023-08-24 22:25:56,2023-02-22 18:57:53,Monorail,0
1000759,30.0,2022-10-08,2.46,7,2024-07-23 15:42:54,2022-06-22 08:17:10,Monorail,1
1000760,34.0,2024-07-20,4.6,5,2024-10-30 15:39:11,2024-03-23 16:16:45,King County Metro (Bus),1
1000761,6.0,2022-03-02,1.33,7,2024-11-28 01:33:11,2023-11-02 19:22:03,King County Metro (Bus),1
1000762,21.0,2022-05-31,2.32,1,2023-01-25 19:26:19,2023-11-22 04:23:52,Monorail,1
1000763,18.0,2022-11-22,1.84,1,2023-04-07 10:52:15,2023-11-14 11:35:26,Monorail,1
1000764,31.0,2022-06-19,3.28,5,2024-12-17 20:51:48,2024-10-11 18:19:35,King County Metro (Bus),1
1000765,17.0,2022-10-27,3.71,0,2024-03-09 05:31:07,2023-08-18 17:35:41,Monorail,0
1000766,34.0,2024-05-23,2.79,7,2022-05-04 21:48:40,2024-01-05 11:25:48,Link light Rail (train),1
1000767,40.0,2024-09-10,1.65,0,2024-11-27 15:14:25,2022-08-11 22:49:25,Link light Rail (train),0
1000768,31.0,2024-07-29,3.47,5,2024-10-22 22:09:42,2022-01-14 09:56:21,Monorail,1
1000769,13.0,2024-01-28,2.9,0,2024-10-28 07:50:05,2023-08-27 17:59:28,Link light Rail (train),0
1000770,3.0,2024-02-23,1.22,2,2022-12-02 19:16:54,2022-08-26 18:30:53,King County Metro (Bus),1
1000771,40.0,2023-08-02,4.16,7,2022-01-19 13:09:04,2023-06-20 10:00:56,Link light Rail (train),1
1000772,39.0,2024-05-04,2.2,5,2022-03-11 20:29:40,2023-03-31 18:53:25,Monorail,1
1000773,21.0,2024-02-18,2.35,1,2024-06-07 21:02:44,2022-10-27 18:03:06,King County Metro (Bus),1
1000774,11.0,2023-02-18,2.83,4,2022-07-05 04:15:51,2024-10-01 22:46:57,Streetcar (tram),1
1000775,15.0,2024-07-19,2.41,4,2022-04-09 23:23:16,2023-07-20 20:44:30,King County Metro (Bus),1
1000776,13.0,2023-03-02,2.65,3,2023-06-24 18:26:27,2024-12-16 03:17:14,Streetcar (tram),1
1000777,32.0,2022-12-27,3.92,1,2023-07-10 21:39:56,2023-10-28 13:44:06,Monorail,1
1000778,31.0,2022-05-16,1.82,0,2022-06-17 13:53:26,2022-12-17 12:37:32,Link light Rail (train),0
1000779,3.0,2023-05-19,4.63,2,2022-09-03 20:19:25,2023-12-12 01:11:54,King County Metro (Bus),1
1000780,14.0,2022-05-20,2.41,3,2022-04-22 19:31:16,2023-03-29 21:55:08,Link light Rail (train),1
1000781,40.0,2022-07-29,3.13,6,2024-02-12 00:35:24,2023-06-06 03:25:09,King County Metro (Bus),1
1000782,8.0,2023-02-17,3.25,2,2022-11-14 13:36:14,2023-06-18 10:51:20,Link light Rail (train),1
1000783,11.0,2023-03-14,4.51,0,2022-10-28 07:39:53,2023-12-09 11:24:39,Link light Rail (train),0
1000784,1.0,2024-02-05,4.13,6,2022-11-27 20:15:32,2024-04-07 23:56:31,Link light Rail (train),1
1000785,24.0,2024-10-03,3.81,2,2024-03-28 19:44:16,2024-10-19 06:31:45,King County Metro (Bus),1
1000786,4.0,2022-07-08,2.39,5,2023-03-22 00:09:32,2022-03-14 19:41:28,Link light Rail (train),1
1000787,39.0,2022-08-26,3.51,0,2023-12-23 23:32:06,2024-02-08 05:03:23,Streetcar (tram),0
1000788,32.0,2023-03-18,3.36,4,2022-03-20 19:46:53,2024-01-06 21:26:35,King County Metro (Bus),1
1000789,25.0,2023-08-02,2.64,4,2023-01-01 16:41:32,2024-10-09 03:23:16,King County Metro (Bus),1
1000790,15.0,2022-04-27,4.12,2,2022-02-05 17:47:23,2022-07-23 11:32:09,King County Metro (Bus),1
1000791,30.0,2022-05-06,1.8,2,2022-12-22 02:41:40,2022-01-21 15:54:55,Streetcar (tram),1
1000792,33.0,2023-11-12,4.2,0,2022-01-07 02:05:00,2024-02-05 03:02:45,Link light Rail (train),0
1000793,10.0,2023-02-22,1.77,5,2022-07-23 12:04:59,2024-12-25 04:51:41,Link light Rail (train),1
1000794,30.0,2022-01-01,3.5,4,2024-08-17 16:44:46,2022-01-21 17:09:19,King County Metro (Bus),1
1000795,12.0,2024-03-03,2.61,3,2022-07-14 14:04:22,2022-06-10 05:56:15,Monorail,1
1000796,34.0,2022-11-18,4.04,6,2023-03-27 11:06:40,2023-11-21 09:28:03,Link light Rail (train),1
1000797,3.0,2023-11-08,3.76,1,2023-11-25 13:34:43,2024-08-22 05:57:39,King County Metro (Bus),1
1000798,1.0,2022-11-07,1.8,5,2022-09-20 06:33:54,2023-06-17 01:27:59,Link light Rail (train),1
1000799,29.0,2023-03-22,2.02,3,2022-01-21 03:25:40,2023-04-20 08:28:47,King County Metro (Bus),1
1000800,39.0,2022-03-14,3.08,4,2024-01-12 22:29:06,2024-11-27 06:36:19,Monorail,1
1000801,26.0,2023-07-22,2.63,0,2023-01-19 17:01:47,2022-08-18 04:41:48,Link light Rail (train),0
1000802,34.0,2022-01-25,4.52,6,2024-07-04 19:47:15,2022-04-18 14:32:11,Streetcar (tram),1
1000803,18.0,2024-06-18,3.23,6,2024-07-18 10:41:13,2022-09-19 09:40:38,Streetcar (tram),1
1000804,11.0,2024-07-13,1.89,4,2024-09-02 15:59:55,2022-12-06 08:00:04,Monorail,1
1000805,12.0,2024-09-20,,5,2023-09-12 11:46:57,2024-12-16 10:32:23,Monorail,1
1000806,4.0,2022-06-19,4.33,0,2022-02-07 18:12:55,2024-06-14 05:11:44,Streetcar (tram),0
1000807,21.0,2024-11-24,3.89,4,2024-09-07 01:36:09,2022-03-10 03:27:45,King County Metro (Bus),1
1000808,34.0,2022-05-16,4.11,1,2023-10-04 05:37:42,2024-12-21 00:29:58,King County Metro (Bus),1
1000809,10.0,2024-11-18,2.96,0,2022-08-19 13:18:31,2024-09-30 23:49:23,Streetcar (tram),0
1000810,17.0,2024-06-19,3.05,4,2023-01-21 06:46:00,2024-01-09 22:25:59,Monorail,1
1000811,12.0,2024-05-27,4.39,0,2024-07-04 18:19:26,2023-09-02 19:42:59,Streetcar (tram),0
1000812,26.0,2022-08-06,4.5,2,2023-03-14 07:22:26,2023-06-19 22:17:25,King County Metro (Bus),1
1000813,30.0,2022-06-29,2.18,3,2022-07-28 02:29:46,2023-03-27 10:31:00,King County Metro (Bus),1
1000814,25.0,2024-07-15,4.04,3,2022-07-29 08:59:20,2024-02-15 15:39:45,King County Metro (Bus),1
1000815,13.0,2024-05-15,4.97,5,2024-12-25 23:37:27,2024-05-12 00:43:16,King County Metro (Bus),1
1000816,7.0,2024-06-01,2.69,3,2022-03-12 00:31:24,2023-11-18 03:41:47,Link light Rail (train),1
1000817,10.0,2023-05-18,3.53,1,2024-11-10 20:32:28,2024-12-09 04:07:58,King County Metro (Bus),1
1000818,33.0,2024-02-05,3.21,3,2022-05-21 04:13:05,2023-07-29 00:21:12,Link light Rail (train),1
1000819,39.0,2023-11-25,1.64,4,2022-03-21 17:16:01,2024-03-16 07:19:40,King County Metro (Bus),1
1000820,2.0,2022-12-03,2.54,7,2023-05-25 18:47:21,2023-09-29 00:04:02,Streetcar (tram),1
1000821,4.0,2023-08-11,2.04,2,2022-04-11 22:12:46,2024-08-27 13:45:46,Streetcar (tram),1
1000822,38.0,2022-06-26,4.53,2,2023-12-01 17:47:18,2024-01-04 13:52:54,Link light Rail (train),1
1000823,2.0,2022-01-29,3.06,3,2023-07-20 00:45:20,2022-02-12 09:25:03,Streetcar (tram),1
1000824,29.0,2023-05-20,4.32,2,2024-09-06 06:31:53,2022-11-24 18:42:47,Streetcar (tram),1
1000825,29.0,2022-04-14,4.06,2,2024-01-23 07:58:57,2022-06-29 13:34:57,Monorail,1
1000826,18.0,2024-11-18,2.98,1,2024-09-29 16:26:28,2023-06-25 04:13:57,Link light Rail (train),1
1000827,30.0,2023-10-02,4.02,2,2023-08-19 01:04:23,2023-12-29 13:38:36,Streetcar (tram),1
1000828,1.0,2024-05-04,2.29,2,2024-11-14 10:21:50,2024-09-22 06:58:12,Monorail,1
1000829,33.0,2024-01-06,1.63,5,2022-10-14 06:06:18,2022-03-08 20:07:27,King County Metro (Bus),1
1000830,15.0,2023-08-29,3.97,0,2022-01-31 08:45:46,2024-02-25 21:48:49,Streetcar (tram),0
1000831,14.0,2022-05-10,3.16,3,2022-05-30 22:50:00,2022-11-12 10:09:34,Link light Rail (train),1
1000832,18.0,2024-10-24,4.92,7,2023-11-18 05:44:32,2022-10-01 18:50:59,Monorail,1
1000833,35.0,2023-03-11,3.65,3,2024-03-25 04:15:39,2024-11-05 22:50:36,Streetcar (tram),1
1000834,35.0,2023-12-18,3.94,1,2022-01-21 23:49:23,2023-11-21 05:55:48,Link light Rail (train),1
1000835,32.0,2024-03-07,2.92,1,2024-03-19 13:51:21,2024-11-02 10:46:07,Monorail,1
1000836,15.0,2023-09-13,2.76,3,2023-10-17 10:41:47,2024-03-06 15:27:05,Streetcar (tram),1
1000837,40.0,2023-08-20,1.11,7,2024-09-06 00:49:31,2022-06-14 16:09:51,Streetcar (tram),1
1000838,14.0,2022-07-08,1.16,1,2022-04-26 00:41:54,2023-10-10 13:58:03,Link light Rail (train),1
1000839,28.0,2024-11-13,3.38,1,2022-09-06 11:44:52,2024-11-10 01:14:38,Link light Rail (train),1
1000840,1.0,2023-09-11,2.84,3,2023-03-22 12:42:29,2024-08-27 13:12:13,Link light Rail (train),1
1000841,40.0,2023-12-30,2.9,7,2022-08-30 02:40:13,2022-11-25 12:48:28,Streetcar (tram),1
1000842,12.0,2024-09-04,3.64,7,2024-08-29 04:38:39,2022-12-24 02:43:03,King County Metro (Bus),1
1000843,26.0,2023-06-29,4.92,3,2024-03-08 05:09:32,2024-04-16 02:53:35,Monorail,1
1000844,23.0,2023-11-23,2.55,7,2023-03-14 18:18:25,2022-05-13 20:52:28,Monorail,1
1000845,17.0,2022-03-10,4.88,3,2023-10-25 04:39:38,2024-12-30 05:55:19,King County Metro (Bus),1
1000846,9.0,2022-06-11,2.16,2,2023-05-20 06:33:39,2023-06-01 23:56:00,King County Metro (Bus),1
1000847,25.0,2024-09-11,1.78,3,2022-01-06 11:54:30,2024-09-16 01:56:07,Link light Rail (train),1
1000848,10.0,2023-03-03,4.92,0,2024-05-31 19:37:29,2023-07-10 07:18:10,Link light Rail (train),0
1000849,23.0,2024-08-09,2.01,4,2024-04-27 17:28:04,2022-02-26 04:32:53,Monorail,1
1000850,23.0,2024-05-21,4.82,7,2023-01-06 02:13:47,2023-11-05 10:03:23,King County Metro (Bus),1
1000851,36.0,2023-10-08,3.38,1,2022-07-08 21:22:08,2022-06-22 00:11:41,Monorail,1
1000852,34.0,2024-12-07,2.87,5,2022-04-13 20:22:14,2023-02-10 11:59:22,Monorail,1
1000853,13.0,2022-08-30,4.37,2,2022-12-12 17:15:05,2024-09-18 09:37:01,Streetcar (tram),1
1000854,10.0,2023-03-08,3.53,0,2022-07-01 20:00:57,2024-06-19 05:49:44,Monorail,0
1000855,40.0,2022-01-29,3.39,2,2023-06-26 06:40:22,2023-02-18 11:44:43,Streetcar (tram),1
1000856,39.0,2024-05-10,1.02,5,2023-02-22 08:15:57,2022-04-14 10:08:01,King County Metro (Bus),1
1000857,35.0,2024-07-14,2.73,4,2022-09-02 21:53:12,2022-03-18 19:50:40,Streetcar (tram),1
1000858,17.0,2022-10-18,1.88,6,2023-10-29 22:45:11,2024-08-30 18:30:38,Streetcar (tram),1
1000859,6.0,2024-10-20,3.6,3,2022-03-11 09:23:00,2022-11-15 20:02:19,King County Metro (Bus),1
1000860,1.0,2024-07-08,2.37,0,2022-07-06 08:19:36,2024-01-15 23:06:51,Link light Rail (train),0
1000861,3.0,2022-06-21,2.21,4,2024-11-03 10:37:46,2024-08-17 02:06:00,Streetcar (tram),1
1000862,38.0,2022-12-05,2.92,7,2022-11-24 21:30:15,2024-11-15 16:19:22,Link light Rail (train),1
1000863,11.0,2023-03-21,1.7,5,2022-10-11 12:26:30,2024-10-22 07:05:48,King County Metro (Bus),1
1000864,22.0,2023-06-02,,5,2024-04-17 04:32:13,2024-03-10 03:50:47,King County Metro (Bus),1
1000865,39.0,2022-07-11,1.79,3,2024-02-01 03:09:20,2024-04-10 16:17:07,Link light Rail (train),1
1000866,11.0,2023-08-04,3.1,4,2024-09-15 00:41:13,2022-11-09 16:42:57,Link light Rail (train),1
1000867,18.0,2023-10-10,4.31,5,2023-05-17 05:38:22,2024-08-07 16:41:24,Link light Rail (train),1
1000868,40.0,2023-10-13,3.01,4,2023-06-13 04:41:56,2022-07-04 11:31:51,Monorail,1
1000869,,2023-03-22,4.9,0,2024-12-21 19:37:19,2024-03-11 23:41:34,King County Metro (Bus),0
1000870,17.0,2024-12-21,4.49,1,2022-01-31 01:08:35,2024-03-11 02:31:23,King County Metro (Bus),1
1000871,11.0,2024-07-11,4.45,5,2022-07-02 12:02:15,2023-05-02 22:27:57,Link light Rail (train),1
1000872,15.0,2022-04-08,4.09,0,2022-09-04 18:52:40,2022-04-08 14:05:02,King County Metro (Bus),0
1000873,25.0,2022-01-14,,2,2023-02-09 19:44:16,2022-01-27 17:09:16,Monorail,1
1000874,11.0,2024-01-28,2.46,1,2023-04-06 13:32:42,2022-02-09 16:22:42,Streetcar (tram),1
1000875,30.0,2024-09-03,2.19,0,2024-01-19 02:21:51,2022-07-02 20:00:41,Link light Rail (train),0
1000876,15.0,2022-08-04,3.02,7,2024-05-16 07:56:15,2024-02-10 09:16:09,Streetcar (tram),1
1000877,40.0,2024-04-01,4.09,1,2023-05-12 21:14:10,2024-05-27 11:20:29,Link light Rail (train),1
1000878,16.0,2024-01-03,,7,2023-03-31 01:44:40,2024-12-19 10:42:22,Link light Rail (train),1
1000879,17.0,2023-12-26,2.6,2,2022-05-22 22:56:30,2023-08-03 11:47:22,Monorail,1
1000880,24.0,2022-03-10,1.69,4,2022-11-09 21:39:14,2023-06-27 07:36:35,Monorail,1
1000881,18.0,2023-01-18,4.37,3,2023-03-26 23:51:39,2024-01-23 23:48:35,King County Metro (Bus),1
1000882,40.0,2024-06-27,1.65,3,2022-12-21 11:55:34,2023-12-20 20:59:16,Link light Rail (train),1
1000883,27.0,2022-10-05,4.65,5,2022-10-09 13:46:46,2024-12-11 09:38:56,Streetcar (tram),1
1000884,34.0,2024-10-19,4.05,1,2024-02-27 03:09:49,2022-05-27 17:13:23,Streetcar (tram),1
1000885,38.0,2023-02-19,2.1,0,2024-10-02 16:34:09,2022-04-28 14:25:37,Streetcar (tram),0
1000886,18.0,2023-09-13,1.84,7,2022-01-20 01:09:23,2024-12-11 20:16:52,Streetcar (tram),1
1000887,15.0,2023-02-08,2.21,5,2022-01-12 02:26:01,2024-01-06 10:30:17,King County Metro (Bus),1
1000888,3.0,2024-12-07,4.74,4,2024-09-07 12:10:00,2023-07-05 16:46:01,Link light Rail (train),1
1000889,30.0,2023-06-05,3.09,1,2024-06-17 22:50:52,2022-03-25 17:04:09,Monorail,1
1000890,19.0,2023-04-11,2.95,7,2024-02-28 11:04:36,2024-07-17 13:17:12,Link light Rail (train),1
1000891,6.0,2022-09-09,3.88,1,2022-12-11 22:24:12,2024-10-31 01:49:23,Streetcar (tram),1
1000892,35.0,2023-06-07,2.26,4,2022-06-21 05:01:13,2022-08-04 09:54:03,King County Metro (Bus),1
1000893,17.0,2023-11-07,1.67,7,2023-01-19 06:33:23,2022-06-16 16:18:17,Link light Rail (train),1
1000894,10.0,2023-10-30,1.62,0,2022-04-29 04:19:59,2022-10-28 16:35:15,Link light Rail (train),0
1000895,2.0,2023-08-14,1.35,2,2022-01-18 15:23:54,2023-01-08 09:50:50,King County Metro (Bus),1
1000896,20.0,2024-09-06,,3,2024-10-01 00:09:19,2024-01-21 07:43:01,King County Metro (Bus),1
1000897,24.0,2023-08-16,1.73,5,2022-12-03 11:25:01,2023-05-22 01:27:31,Monorail,1
1000898,21.0,2022-11-21,2.71,1,2024-02-20 17:55:55,2023-06-15 06:15:43,Streetcar (tram),1
1000899,13.0,2023-11-09,4.38,0,2024-09-12 01:11:24,2024-07-23 23:37:45,Streetcar (tram),0
1000900,20.0,2023-03-18,2.85,4,2023-05-28 02:08:35,2023-02-23 21:39:03,Link light Rail (train),1
1000901,39.0,2022-08-02,2.11,6,2022-01-04 06:25:34,2022-04-28 20:58:00,King County Metro (Bus),1
1000902,24.0,2022-05-07,3.88,7,2023-01-22 18:42:44,2024-08-07 06:41:26,Link light Rail (train),1
1000903,38.0,2023-08-11,2.01,1,2022-02-01 15:32:11,2023-02-04 13:41:19,Monorail,1
1000904,38.0,2024-08-28,2.68,6,2022-07-21 01:51:08,2024-09-06 04:56:55,Monorail,1
1000905,19.0,2024-08-05,1.54,6,2022-05-07 20:24:54,2023-12-15 04:36:41,Streetcar (tram),1
1000906,22.0,2022-04-04,4.42,1,2024-11-12 22:41:33,2024-05-27 06:50:54,Monorail,1
1000907,17.0,2022-07-07,,0,2024-09-30 09:04:06,2022-06-09 09:55:43,Link light Rail (train),0
1000908,21.0,2023-01-27,2.95,6,2022-03-27 19:26:30,2023-04-17 17:47:17,Link light Rail (train),1
1000909,9.0,2024-10-05,2.4,1,2023-10-29 05:47:15,2023-05-29 07:04:47,Link light Rail (train),1
1000910,4.0,2023-07-06,4.23,0,2022-10-09 00:45:04,2023-05-11 07:06:21,Monorail,0
1000911,16.0,2024-09-23,2.11,2,2022-09-18 20:31:56,2022-02-10 15:06:01,King County Metro (Bus),1
1000912,4.0,2022-10-22,4.54,4,2023-06-26 09:09:47,2022-06-17 03:09:29,King County Metro (Bus),1
1000913,22.0,2023-12-26,1.29,0,2024-04-17 20:24:18,2024-06-02 18:24:34,King County Metro (Bus),0
1000914,36.0,2023-04-21,2.11,4,2022-02-25 04:34:32,2022-09-24 05:52:01,Streetcar (tram),1
1000915,38.0,2024-02-15,4.53,2,2024-05-27 10:52:35,2024-03-14 23:16:04,Link light Rail (train),1
1000916,36.0,2022-01-19,2.94,6,2024-06-23 04:02:54,2024-09-07 20:19:04,Streetcar (tram),1
1000917,28.0,2022-09-20,1.7,2,2024-05-01 23:37:57,2023-09-20 19:41:12,Monorail,1
1000918,20.0,2023-06-20,3.66,5,2024-07-17 13:13:59,2023-10-06 03:00:39,Link light Rail (train),1
1000919,37.0,2024-06-04,1.05,6,2024-04-15 16:12:13,2024-02-29 12:58:57,Link light Rail (train),1
1000920,15.0,2024-07-28,2.44,1,2023-01-08 13:45:21,2022-08-19 02:19:39,King County Metro (Bus),1
1000921,20.0,2023-11-24,2.93,5,2022-07-09 19:45:33,2024-04-24 22:29:13,King County Metro (Bus),1
1000922,6.0,2024-03-07,3.46,7,2023-05-08 00:40:56,2022-05-31 09:42:47,Link light Rail (train),1
1000923,37.0,2023-11-09,4.63,4,2023-04-02 22:41:08,2024-08-14 12:48:34,Streetcar (tram),1
1000924,26.0,2022-03-27,1.33,3,2022-05-20 05:10:51,2022-01-18 03:41:14,King County Metro (Bus),1
1000925,2.0,2024-12-07,3.19,2,2022-08-25 09:17:49,2024-10-31 04:44:48,Streetcar (tram),1
1000926,13.0,2022-05-29,4.87,1,2023-10-16 15:29:21,2022-07-27 20:04:53,Streetcar (tram),1
1000927,36.0,2022-08-05,1.8,6,2022-10-26 03:14:31,2023-09-20 12:05:57,King County Metro (Bus),1
1000928,21.0,2023-02-04,1.38,1,2023-02-09 11:11:40,2023-07-22 09:09:48,Link light Rail (train),1
1000929,35.0,2023-02-06,,1,2022-01-11 17:27:53,2024-04-04 11:24:31,King County Metro (Bus),1
1000930,21.0,2024-06-10,3.27,1,2023-01-20 04:46:20,2022-09-16 00:37:31,Link light Rail (train),1
1000931,22.0,2024-09-15,2.58,5,2024-08-18 20:09:21,2022-06-24 15:37:25,King County Metro (Bus),1
1000932,24.0,2022-09-20,1.58,7,2023-03-01 11:18:01,2022-04-23 09:35:21,King County Metro (Bus),1
1000933,21.0,2023-03-25,3.09,2,2023-11-16 16:33:46,2023-05-28 00:23:19,Link light Rail (train),1
1000934,2.0,2023-03-19,4.08,6,2023-03-09 10:10:50,2024-04-13 22:28:42,King County Metro (Bus),1
1000935,40.0,2023-01-06,3.29,4,2024-08-23 13:44:37,2024-12-17 07:21:31,Link light Rail (train),1
1000936,17.0,2022-06-19,2.14,1,2023-02-06 23:18:50,2023-12-10 03:25:43,Monorail,1
1000937,7.0,2023-12-06,1.01,6,2024-07-03 16:57:54,2023-04-26 09:24:27,Streetcar (tram),1
1000938,2.0,2022-09-26,2.46,2,2024-07-15 08:46:44,2023-06-22 15:24:21,Streetcar (tram),1
1000939,4.0,2024-01-15,1.56,1,2023-08-12 05:21:59,2024-06-08 15:40:36,Streetcar (tram),1
1000940,34.0,2023-11-30,1.01,5,2023-09-14 11:21:37,2022-05-09 03:28:07,Link light Rail (train),1
1000941,6.0,2022-01-27,3.85,0,2022-09-10 15:06:34,2022-09-25 19:51:31,King County Metro (Bus),0
1000942,5.0,2024-02-05,1.63,0,2024-08-17 02:15:40,2024-05-03 02:05:30,Monorail,0
1000943,15.0,2024-10-01,1.14,2,2024-03-22 05:50:04,2023-10-07 20:36:08,Link light Rail (train),1
1000944,39.0,2022-12-05,2.65,6,2024-02-01 18:48:24,2022-07-24 17:51:22,Monorail,1
1000945,26.0,2022-03-14,4.06,7,2024-04-06 17:45:36,2022-03-05 00:22:57,King County Metro (Bus),1
1000946,29.0,2023-05-08,4.42,0,2024-10-07 05:34:18,2024-08-14 23:10:30,Link light Rail (train),0
1000947,27.0,2023-02-03,1.84,1,2022-05-29 23:03:44,2022-05-26 23:40:48,Monorail,1
1000948,20.0,2024-08-11,2.28,5,2024-03-17 07:01:57,2023-10-07 19:59:51,Link light Rail (train),1
1000949,38.0,2024-04-24,3.43,7,2022-04-29 06:24:21,2024-05-01 05:12:32,Monorail,1
1000950,13.0,2022-01-25,4.99,2,2024-03-09 07:47:56,2023-02-21 19:23:08,Link light Rail (train),1
1000951,12.0,2024-10-28,2.59,2,2024-03-06 04:32:18,2024-08-05 10:09:48,Monorail,1
1000952,12.0,2022-01-05,3.55,1,2024-05-14 06:13:46,2023-05-08 23:06:25,King County Metro (Bus),1
1000953,8.0,2024-04-07,4.71,2,2023-06-07 19:57:29,2023-02-09 05:43:36,Link light Rail (train),1
1000954,1.0,2022-09-14,4.12,5,2022-11-10 09:09:21,2024-01-16 23:20:03,King County Metro (Bus),1
1000955,37.0,2022-04-22,4.92,4,2023-04-19 01:44:53,2024-08-13 08:16:47,King County Metro (Bus),1
1000956,13.0,2024-08-31,1.88,0,2024-09-12 01:31:22,2024-02-12 07:32:26,Monorail,0
1000957,7.0,2024-02-21,4.9,4,2023-01-12 00:31:52,2023-12-13 23:46:42,Streetcar (tram),1
1000958,36.0,2024-04-13,1.11,0,2023-11-20 10:21:04,2023-10-02 05:22:11,Monorail,0
1000959,38.0,2024-06-26,1.3,5,2023-04-23 02:18:28,2023-05-06 19:00:06,King County Metro (Bus),1
1000960,40.0,2022-06-13,4.23,3,2022-02-23 03:56:29,2024-10-28 15:38:51,Monorail,1
1000961,2.0,2023-08-10,3.89,2,2022-08-16 15:08:40,2024-02-21 07:33:04,Monorail,1
1000962,22.0,2024-09-12,1.04,3,2023-06-17 14:31:30,2023-09-26 05:09:07,Monorail,1
1000963,39.0,2022-10-16,1.38,3,2023-01-28 15:34:20,2024-06-16 16:07:58,Link light Rail (train),1
1000964,34.0,2024-04-05,1.04,4,2022-05-28 17:10:31,2024-03-11 09:36:51,Link light Rail (train),1
1000965,24.0,2024-07-13,1.49,5,2024-10-04 15:14:28,2024-11-08 13:16:52,King County Metro (Bus),1
1000966,6.0,2023-04-13,2.99,4,2022-07-16 15:59:59,2022-03-22 15:59:28,King County Metro (Bus),1
1000967,1.0,2022-02-16,2.4,1,2023-03-13 06:07:16,2023-10-06 15:03:57,Link light Rail (train),1
1000968,26.0,2024-01-25,2.1,4,2024-06-26 06:06:54,2024-12-16 06:31:58,Monorail,1
1000969,37.0,2023-02-13,1.3,5,2023-05-03 21:33:28,2024-02-08 12:26:32,Streetcar (tram),1
1000970,,2022-08-06,1.1,4,2023-09-08 14:03:31,2024-01-05 12:45:21,Monorail,1
1000971,11.0,2024-12-10,2.8,4,2022-10-01 23:27:05,2023-10-31 10:08:03,Streetcar (tram),1
1000972,23.0,2024-01-16,,0,2024-08-25 06:42:36,2024-02-24 15:14:49,King County Metro (Bus),0
1000973,30.0,2024-08-09,3.92,7,2022-02-15 08:59:47,2024-09-21 12:44:40,Monorail,1
1000974,10.0,2023-11-24,3.49,6,2024-03-20 01:50:36,2024-06-05 19:33:21,Link light Rail (train),1
1000975,7.0,2022-06-03,3.2,2,2023-08-08 08:23:50,2024-02-18 19:17:13,Link light Rail (train),1
1000976,40.0,2024-09-29,1.6,0,2024-10-16 00:47:28,2024-11-08 05:57:38,Link light Rail (train),0
1000977,27.0,2023-10-25,4.1,7,2024-09-15 19:13:11,2023-04-07 21:17:05,Link light Rail (train),1
1000978,28.0,2023-12-07,2.53,5,2022-06-05 06:44:09,2024-11-09 15:51:01,King County Metro (Bus),1
1000979,40.0,2022-09-16,1.45,2,2023-08-10 21:21:24,2022-05-05 21:07:08,Streetcar (tram),1
1000980,39.0,2022-02-16,4.23,4,2023-10-12 10:05:22,2023-03-01 17:56:52,King County Metro (Bus),1
1000981,27.0,2022-04-21,3.49,0,2023-09-01 03:53:05,2022-06-26 20:12:38,Monorail,0
1000982,1.0,2023-07-30,,5,2022-03-02 03:15:15,2022-12-15 04:22:30,Streetcar (tram),1
1000983,3.0,2023-03-28,1.64,6,2024-05-02 04:17:52,2024-11-24 02:08:11,Streetcar (tram),1
1000984,39.0,2022-07-04,2.22,7,2023-02-10 12:53:08,2022-06-10 18:05:41,Streetcar (tram),1
1000985,23.0,2022-04-28,3.61,5,2023-12-05 19:41:54,2024-03-21 09:26:27,Streetcar (tram),1
1000986,6.0,2023-04-18,1.5,3,2023-02-21 13:24:47,2023-10-08 18:31:31,Monorail,1
1000987,26.0,2024-10-12,2.95,0,2024-04-08 22:01:43,2024-02-20 22:53:00,King County Metro (Bus),0
1000988,27.0,2023-06-25,4.84,5,2024-04-09 20:10:41,2022-10-03 01:00:13,King County Metro (Bus),1
1000989,26.0,2024-07-25,3.92,5,2023-04-28 16:34:00,2022-07-23 12:43:16,Link light Rail (train),1
1000990,18.0,2024-05-29,2.73,5,2022-10-26 07:49:41,2024-10-01 10:54:23,King County Metro (Bus),1
1000991,32.0,2023-05-26,2.55,0,2022-06-14 20:51:23,2022-09-01 22:29:06,Link light Rail (train),0
1000992,19.0,2022-05-12,2.14,3,2022-09-03 22:13:21,2022-05-28 04:27:40,Monorail,1
1000993,7.0,2022-03-31,3.35,7,2022-05-30 23:28:31,2024-06-21 17:04:20,Streetcar (tram),1
1000994,4.0,2022-04-27,3.48,7,2024-04-25 20:29:28,2022-09-23 07:19:35,Streetcar (tram),1
1000995,28.0,2024-12-04,2.95,2,2023-05-10 23:35:45,2023-09-20 08:37:57,Monorail,1
1000996,5.0,2022-08-03,2.07,1,2023-08-03 15:42:47,2022-06-10 22:10:39,Monorail,1
1000997,8.0,2023-08-19,,7,2022-06-23 11:06:02,2022-04-20 17:44:13,King County Metro (Bus),1
1000998,37.0,2023-02-10,2.51,1,2022-01-29 15:17:41,2022-05-17 08:35:55,King County Metro (Bus),1
1000999,14.0,2023-10-11,2.55,5,2023-07-31 16:59:10,2024-03-06 17:26:38,Streetcar (tram),1
1001000,2.0,2022-12-17,3.33,5,2022-09-18 06:27:32,2024-12-15 02:33:50,Link light Rail (train),1
