Resident_Resident_ID,Transport_Vehicle_ID
R1714,1000925
R1274,1000897
R1728,1000851
R1466,1000513
R1543,1000274
R1185,1000473
R1555,1000028
R1644,1000528
R1086,1000773
R1446,1000262
R1646,1000679
R1332,1000883
R1172,1000164
R1129,1000113
R1709,1000324
R1209,1000550
R1297,1000415
R1075,1000025
R1371,1000205
R1694,1000322
R1232,1000720
R1167,1000325
R1406,1000993
R1115,1000293
R1152,1000339
R1426,1000599
R1532,1000795
R1582,1000377
R1548,1000943
R1563,1000127
R1633,1000193
R1684,1000468
R1613,1000379
R1422,1000501
R1168,1000187
R1472,1000949
R1609,1000756
R1508,1000005
R1491,1000028
R1193,1000200
R1665,1000700
R1058,1000766
R1325,1000193
R1162,1000553
R1311,1000683
R1357,1000947
R1268,1000275
R1550,1000675
R1545,1000052
R1215,1000833
R1570,1000507
R1150,1000156
R1036,1000875
R1636,1000768
R1476,1000676
R1092,1000537
R1433,1000145
R1684,1000100
R1182,1000277
R1449,1000416
R1401,1000986
R1562,1000175
R1014,1000517
R1019,1000208
R1611,1000665
R1310,1000961
R1525,1000342
R1340,1000356
R1471,1000316
R1459,1000979
R1604,1000556
R1469,1000789
R1524,1000524
R1194,1000833
R1045,1000093
R1642,1000761
R1331,1000221
R1240,1000869
R1360,1000139
R1521,1000601
R1205,1000164
R1672,1000099
R1022,1000178
R1251,1000408
R1245,1000456
R1394,1000422
R1063,1000359
R1643,1000999
R1017,1000152
R1713,1000550
R1077,1000090
R1204,1000779
R1205,1000090
R1461,1000829
R1636,1000687
R1651,1000127
R1167,1000307
R1586,1000668
R1198,1000810
R1429,1000527
R1647,1000422
R1415,1000710
R1043,1000372
R1498,1000626
R1435,1000974
R1446,1000707
R1209,1000055
R1282,1000336
R1174,1000524
R1724,1000256
R1057,1000316
R1301,1000500
R1623,1000151
R1558,1000221
R1037,1000605
R1613,1000437
R1420,1000416
R1493,1000797
R1406,1000646
R1578,1000832
R1511,1000586
R1409,1000594
R1342,1000072
R1485,1000330
R1480,1000438
R1459,1000807
R1430,1000184
R1128,1000079
R1508,1000248
R1419,1000656
R1418,1000874
R1527,1000453
R1646,1000978
R1173,1000135
R1671,1000931
R1571,1000167
R1446,1000508
R1400,1000803
R1379,1000573
R1427,1000301
R1625,1000429
R1347,1000081
R1529,1000227
R1093,1000307
R1606,1000286
R1051,1000074
R1382,1000106
R1688,1000794
R1205,1000204
R1565,1000258
R1497,1000296
R1371,1000590
R1091,1000846
R1551,1000830
R1683,1000081
R1192,1000637
R1219,1000845
R1119,1000360
R1254,1000574
R1270,1000305
R1615,1000834
R1692,1000159
R1472,1000083
R1244,1000923
R1700,1000018
R1424,1000627
R1665,1000145
R1630,1000124
R1264,1000063
R1481,1000017
R1605,1000427
R1205,1000068
R1253,1000479
R1311,1000458
R1240,1000197
R1614,1000354
R1564,1000644
R1330,1000526
R1457,1000824
R1469,1000041
R1194,1000565
R1348,1000384
R1474,1000667
R1451,1000989
R1633,1000507
R1249,1000756
R1635,1000335
R1555,1000539
R1033,1000353
R1542,1000442
R1478,1000370
R1453,1000431
R1448,1000083
R1297,1000895
R1149,1000766
R1424,1000599
R1432,1000945
R1574,1000624
R1299,1000090
R1690,1000699
R1483,1000532
R1544,1000146
R1050,1000917
R1270,1000305
R1506,1000758
R1515,1000813
R1435,1000581
R1045,1000766
R1329,1000443
R1107,1000020
R1019,1000846
R1598,1000712
R1727,1000262
R1289,1000305
R1574,1000284
R1409,1000960
R1535,1000387
R1318,1000951
R1590,1000250
R1044,1000195
R1382,1000213
R1323,1000328
R1316,1000962
R1196,1000062
R1034,1000595
R1459,1000241
R1342,1000183
R1720,1000601
R1339,1000195
R1560,1000083
R1672,1000258
R1623,1000762
R1294,1000938
R1179,1000794
R1721,1000587
R1382,1000608
R1102,1000640
R1151,1000928
R1468,1000863
R1471,1000333
R1239,1000332
R1188,1000467
R1058,1000346
R1660,1000380
R1010,1000607
R1047,1000917
R1078,1000073
R1531,1000758
R1615,1000382
R1654,1000934
R1693,1000501
R1396,1000863
R1176,1000577
R1318,1000103
R1584,1000585
R1513,1000326
R1359,1000158
R1168,1000664
R1451,1000430
R1351,1000590
R1018,1000874
R1649,1000107
R1001,1000722
R1248,1000877
R1403,1000021
R1549,1000972
R1077,1000269
R1336,1000170
R1559,1000205
R1074,1000697
R1447,1000581
R1682,1000950
R1651,1000492
R1604,1000723
R1453,1000609
R1293,1000236
R1461,1000078
R1148,1000205
R1427,1000072
R1346,1000125
R1047,1000822
R1531,1000437
R1449,1000607
R1477,1000426
R1424,1000906
R1713,1000271
R1292,1000871
R1693,1000177
R1022,1000087
R1351,1000861
R1074,1000344
R1407,1000191
R1637,1000228
R1507,1000534
R1391,1000280
R1092,1000820
R1565,1000673
R1267,1000150
R1183,1000349
R1520,1000986
R1618,1000812
R1403,1000136
R1316,1000742
R1497,1000919
R1667,1000349
R1451,1000283
R1728,1000906
R1474,1000742
R1258,1000744
R1170,1000160
R1469,1000360
R1324,1000546
R1316,1000874
R1543,1000151
R1384,1000637
R1021,1000130
R1257,1000616
R1386,1000277
R1594,1000112
R1296,1000043
R1146,1000022
R1279,1000958
R1612,1000409
R1576,1000805
R1066,1000843
R1392,1000604
R1612,1000959
R1488,1000041
R1031,1000877
R1401,1000665
R1411,1000442
R1262,1000657
R1162,1000688
R1378,1000961
R1350,1000409
R1200,1000085
R1141,1000709
R1180,1000902
R1183,1000424
R1683,1000691
R1439,1000483
R1132,1000616
R1208,1000148
R1548,1000828
R1295,1000083
R1613,1000718
R1396,1000184
R1437,1000018
R1128,1000190
R1590,1000766
R1052,1000278
R1487,1000747
R1637,1000176
R1226,1000614
R1296,1000244
R1045,1000271
R1451,1000310
R1520,1000997
R1194,1000570
R1337,1000495
R1124,1000932
R1493,1000918
R1252,1000149
R1198,1000776
R1708,1000723
R1355,1000719
R1342,1000183
R1354,1000291
R1043,1000580
R1128,1000100
R1276,1000709
R1311,1000561
R1534,1000268
R1001,1000835
R1532,1000132
R1465,1000122
R1112,1000974
R1002,1000428
R1333,1000263
R1179,1000102
R1581,1000027
R1504,1000245
R1429,1000053
R1365,1000535
R1709,1000140
R1463,1000171
R1308,1000246
R1151,1000631
R1319,1000415
R1257,1000081
R1646,1000158
R1576,1000164
R1169,1000350
R1141,1000494
R1254,1000619
R1543,1000867
R1597,1000490
R1198,1000769
R1120,1000631
R1038,1000240
R1255,1000512
R1188,1000454
R1661,1000834
R1246,1000222
R1140,1000890
R1472,1000733
R1568,1000946
R1370,1000783
R1175,1000674
R1637,1000466
R1238,1000077
R1340,1000158
R1353,1000111
R1697,1000833
R1126,1000610
R1226,1000858
R1056,1000784
R1530,1000938
R1482,1000901
R1696,1000719
R1253,1000837
R1260,1000941
R1487,1000406
R1448,1000653
R1544,1000676
R1189,1000904
R1382,1000306
R1698,1000526
R1189,1000396
R1267,1000658
R1476,1000828
R1276,1000863
R1313,1000031
R1537,1000312
R1109,1000216
R1562,1000253
R1232,1000350
R1655,1000147
R1016,1000972
R1600,1000504
R1106,1000590
R1538,1000451
R1675,1000265
R1220,1000211
R1390,1000571
R1150,1000497
R1425,1000900
R1709,1000550
R1119,1000846
R1333,1000500
R1355,1000130
R1225,1000629
R1507,1000909
R1619,1000488
R1309,1000304
R1168,1000287
R1164,1000178
R1077,1000428
R1095,1000862
R1247,1000051
R1597,1000167
R1361,1000045
R1521,1000110
R1442,1000463
R1271,1000880
R1562,1000432
R1190,1000601
R1428,1000839
R1619,1000474
R1689,1000758
R1035,1000355
R1255,1000604
R1364,1000207
R1611,1000705
R1286,1000024
R1052,1000824
R1271,1000502
R1099,1000553
R1448,1000820
R1213,1000475
R1169,1000441
R1647,1000961
R1228,1000647
R1331,1000764
R1175,1000541
R1350,1000819
R1687,1000479
R1256,1000156
R1538,1000005
R1320,1000230
R1283,1000547
R1181,1000585
R1600,1000178
R1524,1000716
R1439,1000161
R1175,1000820
R1454,1000496
R1496,1000028
R1607,1000542
R1407,1000208
R1079,1000500
R1377,1000656
R1036,1000024
R1567,1000012
R1419,1000211
R1441,1000939
R1555,1000966
R1462,1000138
R1324,1000984
R1346,1000968
R1613,1000637
R1518,1000113
R1210,1000644
R1333,1000952
R1465,1000764
R1088,1000605
R1183,1000946
R1671,1000312
R1114,1000306
R1371,1000228
R1300,1000408
R1144,1000823
R1347,1000632
R1652,1000234
R1028,1000608
R1447,1000004
R1113,1000824
R1421,1000066
R1122,1000625
R1448,1000917
R1496,1000042
R1040,1000628
R1050,1000162
R1494,1000422
R1139,1000354
R1533,1000192
R1430,1000543
R1535,1000067
R1089,1000206
R1501,1000192
R1223,1000305
R1698,1000939
R1515,1000112
R1037,1000809
R1610,1000598
R1062,1000237
R1212,1000740
R1284,1000213
R1218,1000092
R1542,1000420
R1504,1000175
R1591,1000277
R1257,1000810
R1250,1000997
R1590,1000723
R1059,1000367
R1590,1000051
R1682,1000887
R1050,1000656
R1176,1000617
R1224,1000905
R1066,1000652
R1219,1000961
R1413,1000725
R1099,1000575
R1186,1000876
R1396,1000071
R1727,1000980
R1319,1000045
R1640,1000153
R1294,1000166
R1012,1000401
R1708,1000629
R1635,1000101
R1711,1000321
R1640,1000700
R1087,1000117
R1323,1000125
R1366,1000130
R1359,1000568
R1457,1000687
R1046,1000137
R1221,1000683
R1459,1000081
R1574,1000956
R1063,1000324
R1263,1000478
R1049,1000882
R1446,1000334
R1508,1000466
R1715,1000967
R1721,1000579
R1356,1000044
R1084,1000938
R1439,1000615
R1590,1000178
R1277,1000936
R1017,1000458
R1714,1000353
R1415,1000132
R1078,1000960
R1298,1000263
R1690,1000139
R1224,1000187
R1196,1000851
R1303,1000841
R1080,1000549
R1450,1000200
R1569,1000719
R1647,1000239
R1542,1000634
R1036,1000856
R1068,1000522
R1175,1000997
R1294,1000744
R1396,1000251
R1303,1000706
R1342,1000679
R1063,1000325
R1472,1000298
R1561,1000435
R1542,1000869
R1208,1000679
R1587,1000210
R1138,1000824
R1628,1000200
R1617,1000444
R1206,1000980
R1432,1000547
R1593,1000574
R1716,1000329
R1354,1000822
R1020,1000854
R1096,1000305
R1140,1000322
R1240,1000630
R1512,1000199
R1530,1000100
R1141,1000036
R1602,1000582
R1451,1000770
R1168,1000789
R1299,1000375
R1134,1000030
R1101,1000669
R1155,1000112
R1690,1000285
R1624,1000155
R1004,1000316
R1111,1000331
R1552,1000030
R1461,1000872
R1529,1000072
R1461,1000197
R1143,1000873
R1398,1000154
R1414,1000525
R1243,1000796
R1125,1000488
R1408,1000455
R1505,1000404
R1170,1000239
R1318,1000868
R1280,1000981
R1276,1000974
R1600,1000626
R1372,1000826
R1363,1000629
R1638,1000377
R1130,1000255
R1531,1000562
R1673,1000644
R1612,1000978
R1300,1000564
R1203,1000161
R1253,1000859
R1615,1000295
R1261,1000281
R1245,1000442
R1610,1000984
R1561,1000078
R1448,1000070
R1706,1000495
R1542,1000747
R1053,1000429
R1675,1000981
R1209,1000634
R1357,1000102
R1234,1000861
R1178,1000150
R1657,1000043
R1024,1000710
R1279,1000694
R1121,1000591
R1320,1000744
R1213,1000941
R1085,1000980
R1654,1000564
R1250,1000062
R1060,1000678
R1546,1000944
R1259,1000460
R1438,1000199
R1221,1000234
R1451,1000252
R1127,1000386
R1678,1000237
R1313,1000914
R1471,1000729
R1142,1000745
R1713,1000925
R1487,1000889
R1633,1000647
R1409,1000248
R1167,1000794
R1008,1000151
R1370,1000862
R1366,1000117
R1042,1000488
R1425,1000263
R1161,1000235
R1183,1000724
R1012,1000650
R1124,1000020
R1070,1000226
R1452,1000528
R1353,1000335
R1379,1000473
R1063,1000966
R1447,1000508
R1454,1000919
