Resident_ID,First_Name,Last_Name,DoB,Income,Gender,Tax,University_University_ID,Complaints_Complaint_ID,Public_Service_Public_Service_ID,Event_Event_ID
R1001,Amii,Cuddehy,2019-03-14,,O,,17,,1382.0,100021.0
R1002,Rooney,Stanion,2017-03-24,,O,,15,,1351.0,100435.0
R1003,Olenka,Sowrah,2004-03-31,57305952.0,M,8595892.8,30,,1488.0,100157.0
R1004,Helsa,Kitchinghan,2024-06-24,,O,,12,100000030.0,,100255.0
R1005,Sawyer,Baden,2015-06-09,,O,,28,100000118.0,1563.0,100106.0
R1006,April,Champkins,2001-01-17,76214551.0,F,11432182.65,30,100000004.0,1507.0,100708.0
R1007,Rodney,Hintzer,2024-09-21,,O,,21,100000314.0,1294.0,
R1008,Cornelius,Thurby,2018-05-29,,M,,19,,,100344.0
R1009,Budd,Pleaden,2011-09-07,,F,,16,100000214.0,1370.0,100294.0
R1010,Mariska,Reavey,2012-04-09,,F,,18,,1462.0,100446.0
R1011,Colline,Salmond,1975-10-29,52699500.0,F,7904925.0,28,,1365.0,100665.0
R1012,Anastassia,Rizzi,1996-10-23,78433766.0,O,11765064.9,23,100000482.0,1578.0,100128.0
R1013,Uta,Steanyng,2017-06-23,,F,,24,100000272.0,1334.0,100090.0
R1014,Marquita,Whiffen,2016-09-16,,,,21,,1517.0,100232.0
R1015,Zerk,Mulrooney,1996-11-15,93346390.0,M,14001958.5,30,100000318.0,1379.0,100109.0
R1016,Lars,MacPhail,2004-03-28,30664511.0,F,4599676.65,15,100000324.0,1346.0,100041.0
R1017,Pat,McKerron,2024-02-20,,M,,18,,1581.0,100192.0
R1018,Garnet,Readwood,2011-04-24,,O,,13,,1671.0,
R1019,Jeth,Tritten,2001-07-23,83364892.0,M,12504733.8,29,100000189.0,1350.0,100204.0
R1020,Eileen,Pauletti,2022-03-26,,F,,27,,1024.0,100205.0
R1021,Monty,Foro,1976-12-08,29410506.0,O,4411575.9,28,,1698.0,100383.0
R1022,Kakalina,Charlwood,2005-10-10,5013176.0,O,751976.4,13,,1594.0,100567.0
R1023,Britteny,Dempsey,2008-06-26,49301497.0,,7395224.55,29,100000659.0,1091.0,100614.0
R1024,Caralie,Killiner,1983-06-20,47857018.0,O,7178552.7,17,,1725.0,100218.0
R1025,Shannon,Futter,1983-07-05,37603503.0,O,5640525.45,18,,,100580.0
R1026,Benjie,Kester,2000-11-23,35016275.0,M,5252441.25,22,,1009.0,100680.0
R1027,Dougie,Abrahart,2017-11-16,,M,,15,,,100370.0
R1028,Heather,Bellwood,1997-06-11,62980958.0,O,9447143.7,19,100000329.0,1062.0,100323.0
R1029,Orelia,Tooting,2014-11-04,,M,,21,,1147.0,100358.0
R1030,Leelah,Ellingworth,1995-10-22,88243478.0,O,13236521.7,25,100000111.0,1262.0,100422.0
R1031,Zacharias,Everex,1978-09-21,75189646.0,O,11278446.9,26,100000369.0,1227.0,100341.0
R1032,Kore,Windross,2021-10-25,,O,,19,100000288.0,1593.0,
R1033,Vivian,Seale,1999-08-10,10058681.0,F,1508802.15,11,100000270.0,1269.0,100194.0
R1034,Gaylor,Berntsson,2010-12-12,,F,,15,100000202.0,1369.0,100229.0
R1035,Tobe,Caccavale,2015-12-27,,F,,23,,1395.0,
R1036,Euell,Dugget,2011-04-14,,M,,18,,1302.0,100657.0
R1037,Masha,Propper,2001-01-15,20027112.0,O,3004066.8,13,100000647.0,1631.0,100665.0
R1038,Marthe,Batch,1996-08-18,32470060.0,F,4870509.0,25,,1040.0,100431.0
R1039,Sloane,Ivanichev,2013-06-24,,O,,19,,1601.0,100272.0
R1040,Freda,Costain,1983-04-14,35464531.0,M,5319679.65,27,,1401.0,100388.0
R1041,Constantino,Turmel,1975-07-01,15711574.0,F,2356736.1,25,100000431.0,,100074.0
R1042,Andromache,Garfirth,1985-07-09,76166660.0,O,11424999.0,15,100000177.0,1197.0,100475.0
R1043,Zacherie,Dobbie,1987-06-24,96596707.0,M,14489506.05,23,100000077.0,1072.0,100669.0
R1044,Oralla,Clothier,1985-09-26,95735439.0,O,14360315.85,20,100000322.0,,100653.0
R1045,Sheridan,Lindroos,2017-09-01,,O,,12,100000052.0,1121.0,100173.0
R1046,Claudianus,Meddick,1990-10-07,86449545.0,F,12967431.75,21,,,100106.0
R1047,Ewell,Crossby,2007-05-14,16063818.0,M,2409572.7,14,100000030.0,1114.0,100120.0
R1048,Riane,Castagnone,2020-09-15,,O,,18,100000320.0,1362.0,
R1049,Upton,Loxly,1985-10-24,1452204.0,M,217830.6,20,100000194.0,1198.0,100522.0
R1050,Wrennie,Jerrome,2019-10-25,,F,,30,100000190.0,1684.0,
R1051,Agnesse,Djurisic,2007-03-22,4976796.0,F,746519.4,16,,,100309.0
R1052,Elwood,Cheshir,1979-03-17,18122958.0,F,2718443.7,30,100000134.0,1303.0,100374.0
R1053,Annmaria,Few,1995-06-30,4070224.0,O,610533.6,12,100000469.0,1153.0,100646.0
R1054,Prince,Petegrew,2013-07-10,,O,,23,100000444.0,1500.0,100130.0
R1055,Elianore,Josilevich,2003-05-04,41786107.0,F,6267916.05,14,,1677.0,100580.0
R1056,Padget,Wrightson,2005-10-04,16003108.0,M,2400466.2,17,100000316.0,1719.0,100487.0
R1057,Evvy,Moye,2019-04-04,,,,19,100000234.0,,100435.0
R1058,Erminie,Paulich,1988-02-05,47277842.0,O,7091676.3,16,100000370.0,,100414.0
R1059,Ruddie,Lindbergh,2016-11-20,,O,,18,100000314.0,1053.0,100675.0
R1060,Adelle,Samwell,2001-10-18,82434491.0,M,12365173.65,27,100000050.0,1389.0,100428.0
R1061,Standford,Tattoo,1980-09-16,44047792.0,F,6607168.8,27,,1011.0,
R1062,Hort,Ramalhete,1991-07-04,94401843.0,M,14160276.45,18,100000622.0,,100166.0
R1063,Zandra,Orry,1996-02-24,62389833.0,,9358474.95,19,100000459.0,,100221.0
R1064,Peta,Pilkinton,1988-10-04,77825464.0,F,11673819.6,22,100000368.0,1350.0,100455.0
R1065,Federica,Dorken,2022-12-31,,O,,27,,1518.0,100527.0
R1066,Alleen,Furber,1996-08-29,8564771.0,F,1284715.65,19,,1671.0,100566.0
R1067,Rafaelita,Turneaux,2022-08-16,,M,,26,,1578.0,100564.0
R1068,Hershel,Nassau,1990-10-27,25906678.0,O,3886001.7,26,,1114.0,100606.0
R1069,Fabe,MacSharry,2004-04-12,2431195.0,M,364679.25,12,100000098.0,1467.0,100463.0
R1070,Latashia,Imlock,1990-06-13,44529917.0,O,6679487.55,17,100000532.0,1100.0,100396.0
R1071,Burk,Petschel,1980-12-06,49564426.0,O,7434663.9,24,100000189.0,1507.0,100348.0
R1072,Georgina,Wetton,1975-12-27,5704867.0,O,855730.05,15,,1731.0,100208.0
R1073,Gasparo,Grimwade,2022-10-28,,O,,28,,1015.0,100058.0
R1074,Casie,Dolligon,2011-08-07,,M,,11,100000641.0,1580.0,100705.0
R1075,Willi,Sheara,2005-12-08,94485997.0,O,14172899.55,30,,1722.0,100264.0
R1076,Michale,Godfrey,1982-07-23,65869309.0,,9880396.35,28,,,100060.0
R1077,Hodge,Gillebride,2002-09-28,7526781.0,,1129017.15,28,,1345.0,100035.0
R1078,Franky,Baress,2015-08-10,,M,,11,100000602.0,1395.0,100145.0
R1079,Gal,Millsap,2018-01-10,,M,,27,,1383.0,
R1080,Mariska,Espy,1990-05-28,98751932.0,O,14812789.8,27,,1515.0,100012.0
R1081,Arvie,Mainwaring,2019-04-15,,M,,30,100000275.0,1039.0,100372.0
R1082,Inness,Blackaller,1996-03-29,26853077.0,M,4027961.55,27,100000620.0,1065.0,100609.0
R1083,Aube,Dobrovolski,2002-10-12,50221465.0,O,7533219.75,18,100000294.0,1355.0,100463.0
R1084,Rufus,Keslake,1980-12-25,66701588.0,F,10005238.2,27,,1078.0,
R1085,Linnea,Frankum,1987-10-14,62293955.0,O,9344093.25,29,,1551.0,100535.0
R1086,Bertha,Draco,1986-03-21,34145402.0,M,5121810.3,23,100000707.0,1462.0,
R1087,Aline,Peschka,2021-03-30,,F,,25,100000555.0,1712.0,
R1088,Fionnula,Tembey,2012-03-07,,M,,30,,1655.0,100232.0
R1089,Archer,Arboin,1986-09-07,56569077.0,O,8485361.55,13,100000730.0,1653.0,100088.0
R1090,Annmarie,Banane,1978-06-03,26602527.0,O,3990379.05,13,100000465.0,1598.0,100526.0
R1091,Cyndia,Payn,2018-10-17,,O,,26,100000052.0,1663.0,100189.0
R1092,Shayne,Ingerith,1987-03-15,16612053.0,M,2491807.95,22,100000662.0,,100593.0
R1093,Pascale,Capstake,1988-04-12,46947530.0,M,7042129.5,26,100000653.0,1521.0,100114.0
R1094,Gardener,Fike,2012-12-15,,O,,19,100000279.0,1369.0,100164.0
R1095,Papageno,Blythin,2024-02-11,,O,,29,,1091.0,100294.0
R1096,Hashim,Nizard,1993-12-16,41916048.0,M,6287407.2,11,100000111.0,1658.0,
R1097,Doe,Sturgeon,2008-08-18,18173439.0,O,2726015.85,20,,,100013.0
R1098,Agosto,Nenci,2014-03-12,,O,,28,100000694.0,1168.0,
R1099,Cassondra,Playle,2014-06-13,,F,,12,,1518.0,100348.0
R1100,Stillman,Edensor,2001-01-30,86522177.0,O,12978326.55,22,100000034.0,1083.0,100492.0
R1101,Katie,Spatig,2003-09-17,97850380.0,O,14677557.0,29,100000323.0,,
R1102,Andie,Alecock,1989-04-05,51905228.0,O,7785784.2,23,100000349.0,1573.0,100687.0
R1103,Frazier,Le Breton De La Vieuville,2011-12-25,,F,,20,,1677.0,100147.0
R1104,Cheryl,Antat,1998-06-05,58123566.0,,8718534.9,22,100000370.0,1474.0,
R1105,August,Gilbride,1983-04-15,34989440.0,M,5248416.0,28,,1324.0,100159.0
R1106,Rivi,Sill,2007-05-18,99228957.0,M,14884343.55,28,100000038.0,1674.0,100075.0
R1107,Gerianne,Harman,1989-06-08,66811835.0,M,10021775.25,23,100000573.0,1210.0,
R1108,Bartie,Desorts,2003-09-04,63425146.0,M,9513771.9,27,,1265.0,100154.0
R1109,Nerta,Kubalek,2023-04-14,,F,,21,,1348.0,100192.0
R1110,Shawna,Skeeles,2009-09-16,,F,,25,,,100294.0
R1111,Beau,Vaadeland,1999-01-24,46499722.0,,6974958.3,27,,1118.0,
R1112,Gardiner,Iacopetti,1979-12-06,89899525.0,,13484928.75,12,,1437.0,100478.0
R1113,Free,Bingle,2014-09-08,,O,,30,100000165.0,1149.0,100138.0
R1114,Edlin,Scopham,2012-11-30,,F,,29,,1456.0,100274.0
R1115,Peyton,De Lisle,1994-04-08,69815347.0,O,10472302.05,26,100000303.0,1522.0,100431.0
R1116,Aimee,Klimkowski,2002-05-03,97687040.0,M,14653056.0,18,100000607.0,1724.0,100371.0
R1117,Harmonia,Arblaster,2001-02-27,34454852.0,O,5168227.8,17,100000064.0,1158.0,100007.0
R1118,Rourke,Daykin,2014-08-13,,F,,23,100000503.0,,100256.0
R1119,Theresa,Jeanon,1992-12-01,96445956.0,M,14466893.4,17,100000293.0,1266.0,100636.0
R1120,Patin,Workes,2019-05-09,,F,,18,,1176.0,100115.0
R1121,Bryanty,Hinckesman,1987-04-21,91469342.0,F,13720401.3,21,100000327.0,,
R1122,Valentijn,Fendt,2013-06-15,,,,14,100000264.0,1640.0,100377.0
R1123,Jesus,Cowing,2017-10-21,,M,,19,100000078.0,1320.0,100168.0
R1124,Oliviero,Othick,1987-03-04,40176483.0,F,6026472.45,30,100000107.0,1334.0,100143.0
R1125,Ab,Foulds,2001-07-27,43599253.0,M,6539887.95,13,,1251.0,100040.0
R1126,Norris,Rivlin,1981-02-13,83866044.0,M,12579906.6,20,,1522.0,100576.0
R1127,Lari,Hollington,1982-07-03,29054096.0,M,4358114.4,15,100000131.0,1194.0,100557.0
R1128,Leroi,Duffit,1993-10-06,63180039.0,F,9477005.85,22,100000431.0,1111.0,100675.0
R1129,Reube,Fennick,2000-07-05,2862255.0,M,429338.25,12,100000649.0,1346.0,
R1130,Christa,Proske,1981-11-27,22271911.0,F,3340786.65,15,,1541.0,
R1131,Cindelyn,Carletti,1998-08-31,76054635.0,F,11408195.25,15,,1481.0,100169.0
R1132,Terrence,Champney,1986-09-24,49634002.0,M,7445100.3,23,,1356.0,100382.0
R1133,Ellen,Gawith,1978-10-31,97420883.0,F,14613132.45,20,,1465.0,
R1134,Benoit,Lorne,1981-05-26,24262928.0,O,3639439.2,22,100000431.0,,
R1135,Norbert,McKirton,1980-08-12,64313858.0,M,9647078.7,25,100000392.0,1416.0,100573.0
R1136,Constantia,Rigge,2005-10-24,77985916.0,O,11697887.4,30,100000415.0,1619.0,
R1137,Kennett,Petrina,1987-11-03,42402780.0,O,6360417.0,13,,1204.0,100690.0
R1138,Vivi,Redish,2009-01-09,10467276.0,M,1570091.4,21,100000573.0,,100608.0
R1139,Tibold,Dreigher,1980-07-04,29139339.0,O,4370900.85,26,100000688.0,1138.0,
R1140,Karoly,Worman,1988-04-26,60549509.0,O,9082426.35,11,,1469.0,100466.0
R1141,Silvie,Sibyllina,2004-10-03,66149990.0,F,9922498.5,29,100000062.0,1198.0,100456.0
R1142,Hernando,Mindenhall,1994-01-15,7734125.0,M,1160118.75,16,100000146.0,1403.0,
R1143,Marrilee,Chorlton,2013-12-05,,F,,13,,1082.0,100229.0
R1144,Derby,Piechnik,1999-08-07,4752621.0,O,712893.15,13,100000240.0,1654.0,
R1145,Mylo,Pinnegar,1983-12-29,7484990.0,O,1122748.5,18,,1120.0,100463.0
R1146,Katusha,Cohani,2024-04-29,,F,,19,,1706.0,
R1147,Galvan,Prydden,1980-11-11,72262001.0,M,10839300.15,18,,,100361.0
R1148,Lezlie,Newlin,2021-04-14,,M,,29,100000366.0,1391.0,100538.0
R1149,Olivero,Miguel,1988-05-08,2039136.0,M,305870.4,14,,1202.0,100181.0
R1150,Riley,Inchboard,2016-08-27,,M,,21,100000345.0,1263.0,
R1151,Fabio,Shemmin,1991-09-13,5764404.0,F,864660.6,21,,1006.0,100340.0
R1152,Garey,O Keevan,2000-10-12,70051356.0,O,10507703.4,11,100000681.0,1090.0,100600.0
R1153,Sanford,Morrish,2001-06-15,73986247.0,O,11097937.05,30,100000378.0,1362.0,
R1154,Lian,Simison,1986-10-19,83631025.0,O,12544653.75,28,100000166.0,1127.0,100239.0
R1155,Elly,Grunnill,1983-01-20,74368665.0,M,11155299.75,28,100000718.0,,100174.0
R1156,Bertha,Whitland,1990-02-25,64071289.0,O,9610693.35,21,,1100.0,100467.0
R1157,Lowe,Haukey,2009-07-23,,O,,26,100000271.0,,100685.0
R1158,Richard,De Ath,2000-11-10,25866768.0,O,3880015.2,29,,1280.0,
R1159,Donny,Bohlje,1991-02-21,19114140.0,O,2867121.0,20,100000601.0,1453.0,
R1160,Elston,Tremmel,2000-05-25,7393675.0,F,1109051.25,26,100000502.0,1350.0,100270.0
R1161,Janela,Lutwyche,2017-12-11,,,,17,100000523.0,1143.0,100716.0
R1162,Callida,Mullinder,1982-11-16,25803717.0,O,3870557.55,29,100000441.0,1112.0,100094.0
R1163,Karim,Blount,2011-08-01,,M,,13,,1467.0,100404.0
R1164,Gigi,Yantsev,2009-04-30,,F,,17,100000158.0,1540.0,100238.0
R1165,Mikol,Aspinwall,2008-10-21,51953027.0,M,7792954.05,29,100000432.0,1005.0,
R1166,Tim,Skeleton,1989-10-13,87759260.0,O,13163889.0,19,,1058.0,100680.0
R1167,Pearle,Savins,2006-07-07,90068746.0,F,13510311.9,13,100000158.0,1013.0,
R1168,Faun,Wogdon,2019-04-24,,O,,28,100000279.0,1647.0,100175.0
R1169,Denny,Leiden,1978-12-02,55361649.0,M,8304247.35,21,100000572.0,1562.0,100677.0
R1170,Gerladina,Alleyn,1978-04-24,96384567.0,M,14457685.05,27,,1572.0,100128.0
R1171,Ber,Greystoke,1990-12-10,31783426.0,,4767513.9,28,100000593.0,1333.0,100365.0
R1172,Royal,Ashley,2024-10-18,,M,,28,,1379.0,
R1173,Ashlen,Rosenzwig,2022-10-23,,O,,29,100000450.0,1375.0,100699.0
R1174,Terrance,Kopelman,1988-10-11,40177391.0,M,6026608.65,25,,1204.0,
R1175,Caro,Brumbie,2023-07-27,,O,,14,,1547.0,100245.0
R1176,Clo,Lomasna,2004-11-03,71584505.0,M,10737675.75,26,,1289.0,100333.0
R1177,Dianna,Nickless,1992-09-13,32840996.0,M,4926149.4,22,,1118.0,100105.0
R1178,Latashia,Winspurr,1987-09-21,50863260.0,M,7629489.0,25,100000690.0,1446.0,100390.0
R1179,Ram,Dunsire,1994-01-05,7075139.0,M,1061270.85,26,,1359.0,
R1180,Bessie,Linklater,1997-10-31,70311312.0,F,10546696.8,25,,1317.0,100603.0
R1181,Shara,Devonshire,1978-06-21,3271041.0,O,490656.15,15,,1087.0,100674.0
R1182,Tab,Arnison,2007-10-31,17175837.0,M,2576375.55,26,,1605.0,100375.0
R1183,Dionisio,MacMakin,1987-09-05,69978870.0,F,10496830.5,11,100000233.0,1437.0,100117.0
R1184,Charlton,Grewer,1993-10-12,47156380.0,M,7073457.0,11,,1118.0,
R1185,Pall,Dewbury,1991-02-16,12816886.0,O,1922532.9,27,100000111.0,1125.0,
R1186,Arthur,Adolf,2002-07-27,81593097.0,F,12238964.55,13,,1050.0,100509.0
R1187,Noell,West,1999-05-19,53472882.0,O,8020932.3,22,100000198.0,1081.0,100366.0
R1188,Jerrilyn,Drews,1993-10-07,48366180.0,O,7254927.0,13,100000031.0,1404.0,
R1189,Henderson,Jent,1993-07-16,24284483.0,O,3642672.45,23,,1497.0,100266.0
R1190,Beck,Zarfat,1978-04-26,41905711.0,O,6285856.65,25,,1685.0,100121.0
R1191,Kristien,Brodbin,2011-05-14,,M,,27,100000335.0,1714.0,100596.0
R1192,Devlen,Schottli,2011-04-20,,,,15,100000580.0,1519.0,100050.0
R1193,Derrek,Crummie,1981-07-06,46525304.0,M,6978795.6,27,,1121.0,100347.0
R1194,Avram,Robardley,1989-08-28,52572340.0,F,7885851.0,20,100000684.0,1602.0,100127.0
R1195,Reginauld,Fortnam,2016-12-29,,F,,26,100000632.0,1110.0,
R1196,Jacinthe,Simmig,2013-02-03,,M,,26,,1063.0,100681.0
R1197,Carry,Pacheco,1998-12-04,47696437.0,O,7154465.55,14,100000077.0,,
R1198,Lindsay,Polycote,2007-08-27,22427489.0,O,3364123.35,18,100000719.0,1593.0,100286.0
R1199,Shelton,Greger,1981-04-25,51234970.0,M,7685245.5,24,,1266.0,
R1200,Jeremias,Cleave,1986-11-28,78605791.0,M,11790868.65,11,,1682.0,100535.0
R1201,Faith,Braine,1985-02-13,82142445.0,O,12321366.75,17,,1530.0,100665.0
R1202,Rheta,Antrag,2019-10-10,,M,,16,,1135.0,
R1203,Effie,Falla,1998-12-22,57321380.0,M,8598207.0,27,,1296.0,100235.0
R1204,Esdras,Tomaschke,1994-03-06,696998.0,M,104549.7,19,,1007.0,100712.0
R1205,Berkeley,Caltun,1991-02-16,18755218.0,O,2813282.7,26,100000595.0,,100328.0
R1206,Clarissa,Dibling,1993-09-30,37973501.0,F,5696025.15,23,100000418.0,1416.0,100717.0
R1207,Batholomew,Ranken,1996-10-03,65492709.0,F,9823906.35,18,100000056.0,1438.0,100321.0
R1208,Nisse,Perrins,1980-07-08,75917735.0,O,11387660.25,18,100000042.0,1612.0,
R1209,Stephine,Swaysland,2016-09-17,,O,,20,100000158.0,1370.0,100718.0
R1210,Nolly,Coggings,1991-11-13,92431970.0,O,13864795.5,25,100000205.0,1160.0,
R1211,Filippa,MacDermid,2018-03-30,,O,,14,,1195.0,100239.0
R1212,Estrellita,Lethcoe,1997-12-20,86240512.0,O,12936076.8,20,100000465.0,1577.0,100480.0
R1213,Paolo,Mowday,2009-09-27,,F,,16,,1709.0,100442.0
R1214,Geralda,Nuccii,1986-10-01,23891190.0,O,3583678.5,26,,,100394.0
R1215,Michell,Houseley,2007-02-01,68073498.0,M,10211024.7,17,100000715.0,1080.0,100075.0
R1216,Ramonda,Forbes,1988-06-28,94900416.0,,14235062.4,28,100000685.0,1087.0,100562.0
R1217,Natalie,McCaster,2023-02-26,,M,,29,,,100719.0
R1218,Helen,Spellar,2021-09-28,,F,,15,100000284.0,1715.0,100055.0
R1219,Tootsie,Pottberry,2018-06-04,,F,,13,,1442.0,100042.0
R1220,Hasty,Essex,2017-11-29,,M,,13,100000615.0,1268.0,100193.0
R1221,Emlyn,Roder,2023-03-27,,O,,21,,,100582.0
R1222,Ciro,Jouandet,2016-12-03,,O,,25,100000209.0,1674.0,100329.0
R1223,Tad,Eadington,1984-05-05,91566787.0,M,13735018.05,23,100000265.0,1136.0,100702.0
R1224,Margie,Steptowe,1990-04-21,75746337.0,M,11361950.55,26,100000453.0,1159.0,100379.0
R1225,Zonnya,Fundell,2014-01-04,,F,,29,100000003.0,1087.0,100550.0
R1226,Josephina,Middler,1994-02-25,83911011.0,O,12586651.65,19,100000351.0,1573.0,100446.0
R1227,Bert,Dudbridge,2017-11-11,,F,,29,100000287.0,1122.0,100093.0
R1228,Eric,Bloodworthe,1976-01-04,72156369.0,M,10823455.35,20,100000544.0,1276.0,100524.0
R1229,Josy,Hawken,2019-07-28,,F,,21,100000163.0,1043.0,
R1230,Kin,Caplis,1992-07-29,48052065.0,M,7207809.75,19,,1238.0,100194.0
R1231,Nadiya,Sircombe,2016-07-05,,M,,19,,1040.0,100674.0
R1232,Orelee,Burnard,1998-10-26,8093742.0,O,1214061.3,16,,1634.0,100577.0
R1233,Gwynne,Redit,1981-02-07,4556195.0,F,683429.25,16,100000705.0,1423.0,
R1234,Bili,Felten,2006-10-10,46062141.0,O,6909321.15,17,,,
R1235,Lewie,Laguerre,1981-03-26,58008136.0,O,8701220.4,28,,1277.0,100423.0
R1236,Wildon,O Heneghan,2004-01-24,34335485.0,F,5150322.75,28,,,100537.0
R1237,Quinton,McHardy,2000-09-01,4150215.0,,622532.25,12,100000187.0,1548.0,100118.0
R1238,Boyce,Sammon,2015-03-23,,O,,11,,1694.0,100163.0
R1239,Mei,Cowap,2024-11-29,,,,22,100000550.0,1709.0,100060.0
R1240,Brandy,Netti,2001-05-06,95614375.0,M,14342156.25,21,,1520.0,100557.0
R1241,Maisey,Alderton,2022-04-17,,M,,28,100000307.0,1039.0,100352.0
R1242,Katha,Arent,1984-11-21,85672202.0,O,12850830.3,25,100000356.0,1362.0,100239.0
R1243,Cole,Careless,2009-07-19,,M,,15,,,100264.0
R1244,Yalonda,Coleshill,2020-09-11,,O,,23,100000209.0,1419.0,100362.0
R1245,Franchot,Volcker,1996-09-23,78055941.0,,11708391.15,21,,1430.0,100212.0
R1246,Hillery,Leal,2009-06-28,,O,,29,100000140.0,1545.0,
R1247,Urban,Toombs,2013-06-20,,O,,16,100000391.0,1562.0,100612.0
R1248,Oby,Walker,1999-09-01,45500304.0,M,6825045.6,26,,,100478.0
R1249,Sheila,Klosser,1981-09-07,67175023.0,O,10076253.45,13,,1392.0,100611.0
R1250,Shermie,Cramb,1994-09-04,67580804.0,O,10137120.6,28,,1678.0,100617.0
R1251,Glory,Gowans,2024-06-13,,F,,18,100000475.0,1695.0,100698.0
R1252,Cinderella,Pacheco,2010-01-27,,F,,26,100000019.0,1513.0,100388.0
R1253,Sophia,Rivaland,1990-11-01,72394264.0,O,10859139.6,28,,1652.0,100073.0
R1254,Leda,McPhelimy,2018-01-25,,F,,16,,1447.0,100463.0
R1255,Warden,Brammall,2011-11-06,,F,,28,,1471.0,100459.0
R1256,Leilah,Winspare,2015-07-25,,O,,30,100000363.0,1096.0,
R1257,Mellisent,Crich,1979-10-18,31306195.0,F,4695929.25,12,100000521.0,,100582.0
R1258,Lorianna,Yushkov,2020-10-05,,M,,24,,1407.0,100652.0
R1259,Corrie,Yeardley,2015-12-01,,F,,17,100000289.0,1691.0,
R1260,Arly,Epilet,2012-11-23,,O,,21,,1256.0,100674.0
R1261,Gallagher,Fydoe,2002-01-21,69242929.0,F,10386439.35,18,100000281.0,1220.0,100340.0
R1262,Marcel,Matthesius,1977-12-26,85020230.0,M,12753034.5,28,100000412.0,1241.0,100569.0
R1263,Fanny,Lafont,2016-11-20,,O,,27,,1281.0,100485.0
R1264,Violetta,Satchel,2014-07-07,,M,,18,100000526.0,1444.0,100501.0
R1265,Neda,Macknish,1989-06-09,72343904.0,F,10851585.6,26,100000433.0,1415.0,100431.0
R1266,Leyla,Wondraschek,2010-09-07,,M,,16,100000193.0,1432.0,100051.0
R1267,Gweneth,Matovic,2003-09-16,50785719.0,,7617857.85,18,,1176.0,100606.0
R1268,Rodi,Fooks,1998-08-21,4247601.0,M,637140.15,30,,1133.0,100694.0
R1269,Stinky,Souch,2008-07-20,50211879.0,O,7531781.85,12,100000311.0,1344.0,100414.0
R1270,Normand,Loveman,2008-10-26,30490822.0,F,4573623.3,17,,1408.0,
R1271,Rolando,Dolligon,1998-10-27,84573277.0,O,12685991.55,25,,1189.0,100017.0
R1272,Bond,Khristoforov,2009-08-19,,M,,13,100000057.0,1224.0,100494.0
R1273,Kassey,Scard,1982-06-16,56570175.0,F,8485526.25,15,,1269.0,100086.0
R1274,Bessie,Savary,1979-03-14,78606220.0,M,11790933.0,11,,1635.0,100117.0
R1275,Leland,Cargenven,1979-09-30,43485436.0,O,6522815.4,29,100000515.0,1178.0,100665.0
R1276,Talyah,Abbey,2009-01-02,71717630.0,M,10757644.5,27,100000148.0,1068.0,
R1277,Colby,Deignan,2018-08-31,,F,,11,,1599.0,100358.0
R1278,Barbee,Cansfield,1988-07-10,77047717.0,M,11557157.55,29,100000077.0,1565.0,100639.0
R1279,Hesther,Hollingsbee,2018-04-12,,O,,29,100000187.0,1527.0,100615.0
R1280,Dede,Kemsley,2009-08-22,,M,,15,,1434.0,100707.0
R1281,Terry,Eastby,1998-03-08,36529439.0,M,5479415.85,22,,1171.0,100493.0
R1282,Gar,Balle,2015-01-02,,F,,29,100000526.0,1517.0,100565.0
R1283,Ken,Brearty,1979-09-13,27613260.0,F,4141989.0,23,100000026.0,1538.0,100068.0
R1284,Muriel,Kippie,1977-07-16,45923455.0,M,6888518.25,12,,1195.0,100150.0
R1285,Roderick,Witton,2004-11-17,1039051.0,F,155857.65,29,100000440.0,1284.0,100631.0
R1286,Gustie,McAllan,2004-07-03,61947660.0,M,9292149.0,16,100000088.0,1151.0,100550.0
R1287,Lucila,Swane,1975-08-04,71928381.0,M,10789257.15,18,,1123.0,100643.0
R1288,Elijah,Pawlaczyk,2003-07-26,40039068.0,M,6005860.2,30,,1590.0,100580.0
R1289,Karin,Pideon,1986-02-16,12871635.0,M,1930745.25,26,100000429.0,,100718.0
R1290,Cora,Breawood,1999-10-24,53204823.0,F,7980723.45,15,100000466.0,1260.0,100041.0
R1291,Mozes,Champney,2012-05-08,,M,,13,100000018.0,,100556.0
R1292,Allayne,Jobern,2010-10-17,,O,,11,,1356.0,100353.0
R1293,Timoteo,Doley,2004-10-20,3961985.0,F,594297.75,11,100000429.0,,100614.0
R1294,Gale,Mills,2006-10-20,45040816.0,M,6756122.4,14,,1478.0,100245.0
R1295,Aristotle,Gounin,2011-05-18,,O,,30,100000515.0,1564.0,100463.0
R1296,Jill,Denyagin,2017-05-28,,M,,14,,1320.0,100194.0
R1297,Stewart,Magnay,1999-01-18,65470576.0,O,9820586.4,11,,1167.0,100629.0
R1298,Virge,Sangra,2015-07-18,,M,,23,,1689.0,100276.0
R1299,Yancey,Exell,1996-09-02,19072912.0,F,2860936.8,19,100000496.0,1209.0,100338.0
R1300,Marja,Pfeifer,1975-12-27,88468010.0,M,13270201.5,14,,1145.0,100507.0
R1301,Miriam,Synan,1985-06-30,27870324.0,M,4180548.6,23,,1531.0,100270.0
R1302,Dorelle,McKeating,1984-11-24,81541976.0,O,12231296.4,30,100000115.0,1415.0,100105.0
R1303,Lorrayne,Eskrick,1990-02-05,78356049.0,M,11753407.35,13,,1243.0,100312.0
R1304,Berk,McAleese,2001-07-20,93333370.0,F,14000005.5,12,100000158.0,1436.0,100605.0
R1305,Radcliffe,Lambersen,2013-07-04,,M,,18,,1361.0,100259.0
R1306,Katusha,Nevill,1989-08-15,11322602.0,O,1698390.3,15,,1224.0,100089.0
R1307,Bibby,Herries,1990-10-10,15728963.0,O,2359344.45,23,,1623.0,100142.0
R1308,Brigitta,Fluck,2005-11-10,25415368.0,M,3812305.2,29,100000150.0,1383.0,100427.0
R1309,Tadio,McBoyle,2008-07-28,97046581.0,M,14556987.15,26,,1310.0,100524.0
R1310,Ophelie,Sandiland,2009-05-14,,O,,26,100000610.0,1351.0,100303.0
R1311,Corabel,Klaaassen,2014-01-07,,F,,14,,1493.0,100103.0
R1312,Heloise,Sexcey,2005-12-10,12350440.0,F,1852566.0,29,,1462.0,100667.0
R1313,Kaylil,Gerge,2024-10-10,,M,,11,,1653.0,100694.0
R1314,Jock,Boness,2014-08-10,,F,,22,100000420.0,1378.0,
R1315,Brynne,Weatherall,2003-07-29,33583783.0,O,5037567.45,28,100000115.0,1062.0,100046.0
R1316,Rudie,Howman,2015-12-23,,O,,28,100000731.0,,100205.0
R1317,Kirstin,Tideswell,1983-05-19,42670875.0,F,6400631.25,19,100000505.0,1731.0,100425.0
R1318,Hilary,Pirrey,2023-11-09,,M,,27,100000456.0,1467.0,100065.0
R1319,Ruy,Edel,2014-05-20,,O,,13,,1006.0,100011.0
R1320,Ezra,Pauley,1987-05-04,89300562.0,F,13395084.3,17,100000251.0,1296.0,100567.0
R1321,Marie-ann,O Kelly,2012-12-14,,O,,12,,1142.0,100339.0
R1322,Valeria,Babb,2015-04-05,,O,,19,,1179.0,100726.0
R1323,Haven,Ladbrooke,2018-09-19,,O,,12,100000550.0,1145.0,100056.0
R1324,Erie,Tasker,2023-06-02,,O,,22,100000084.0,1504.0,100310.0
R1325,Orton,Guiducci,2020-01-01,,F,,29,100000427.0,1048.0,100271.0
R1326,Minda,Braune,1999-03-26,92087958.0,F,13813193.7,24,100000016.0,1363.0,100661.0
R1327,Nikos,Gaspero,2020-10-17,,M,,17,100000325.0,1718.0,100243.0
R1328,Cristian,Harrad,1987-03-04,70650326.0,O,10597548.9,25,,1145.0,100731.0
R1329,Felicdad,Mace,2006-01-07,1590980.0,M,238647.0,30,,1647.0,100731.0
R1330,Chadwick,Murkitt,2002-11-30,34110767.0,O,5116615.05,28,100000290.0,1165.0,100566.0
R1331,Al,Ivanchov,2004-08-10,2481315.0,F,372197.25,25,,1571.0,100321.0
R1332,Lennard,Savory,2024-05-05,,M,,28,100000332.0,1582.0,100371.0
R1333,Almeta,Dorkin,1997-10-21,52404554.0,F,7860683.1,12,,1219.0,100248.0
R1334,Dillie,Yarr,2022-02-20,,F,,27,,1659.0,100179.0
R1335,Odella,Rawsthorne,2012-06-21,,O,,12,,1349.0,
R1336,Tilda,Kubasiewicz,1981-03-10,19878514.0,O,2981777.1,19,100000121.0,1527.0,100617.0
R1337,Ruddie,Philipot,1980-01-18,58163473.0,M,8724520.95,15,,1341.0,
R1338,Madel,Freeborn,1987-04-29,75883137.0,F,11382470.55,17,,1070.0,100274.0
R1339,Hardy,Cadany,2019-07-07,,M,,20,100000581.0,,100533.0
R1340,Heidie,Munn,1989-04-12,32430747.0,O,4864612.05,27,100000697.0,1699.0,100300.0
R1341,Suzie,Dowdney,1991-05-30,22289243.0,O,3343386.45,18,100000480.0,1456.0,100250.0
R1342,Loren,Clemencon,2018-05-01,,F,,22,,1298.0,
R1343,Ignazio,Beavan,1990-03-06,70593551.0,F,10589032.65,12,100000281.0,1485.0,
R1344,Clerc,Karpov,2020-12-04,,F,,19,100000354.0,1288.0,100011.0
R1345,Laurice,Hanner,2006-10-27,331605.0,M,49740.75,21,100000185.0,1218.0,100711.0
R1346,Barbaraanne,Gayler,1988-08-05,99252309.0,,14887846.35,21,,1496.0,100246.0
R1347,Donnell,Pardue,2013-07-25,,M,,11,100000510.0,1239.0,100528.0
R1348,Shanda,Sergean,2006-09-29,75155375.0,M,11273306.25,17,100000149.0,1199.0,
R1349,Janet,Crebbin,1991-03-08,12291333.0,O,1843699.95,11,100000168.0,1603.0,100537.0
R1350,Omero,Lorenc,2002-02-17,99071429.0,O,14860714.35,18,100000046.0,1253.0,100379.0
R1351,Isidro,Mephan,2019-03-12,,O,,30,100000011.0,1232.0,100615.0
R1352,Freemon,Gunda,1977-05-27,67155463.0,M,10073319.45,19,100000716.0,1356.0,100348.0
R1353,Fedora,Bleesing,2002-05-23,56254075.0,M,8438111.25,13,100000087.0,,
R1354,Francis,Chart,2013-10-31,,M,,20,100000154.0,,100149.0
R1355,Terrie,Giamuzzo,1991-12-26,94687481.0,M,14203122.15,24,100000633.0,,
R1356,Grace,Denerley,1988-04-23,48439669.0,O,7265950.35,19,100000087.0,1587.0,100560.0
R1357,Neill,Siddon,2024-05-16,,,,12,,1494.0,100682.0
R1358,Dunn,Garmons,1998-05-21,94251216.0,F,14137682.4,11,100000218.0,1681.0,
R1359,Ertha,Noden,2014-10-10,,M,,28,100000043.0,1525.0,100596.0
R1360,Allsun,Saing,1986-05-29,67361474.0,F,10104221.1,16,100000306.0,1567.0,
R1361,Carole,Clothier,1979-01-30,71157178.0,F,10673576.7,24,,1301.0,100089.0
R1362,Humfried,Iiannoni,2001-01-13,87385506.0,M,13107825.9,18,100000257.0,,100592.0
R1363,Elli,Comiam,2022-07-17,,M,,16,100000499.0,1183.0,100080.0
R1364,Darnall,Pile,1998-12-18,94613252.0,O,14191987.8,13,100000622.0,,100589.0
R1365,Juditha,Bakesef,1999-08-19,28170374.0,F,4225556.1,22,100000080.0,1297.0,100674.0
R1366,Barrie,McCorley,1995-05-19,16139341.0,O,2420901.15,13,,1528.0,100341.0
R1367,Helaina,Feldberg,2016-08-21,,M,,18,100000207.0,1324.0,100586.0
R1368,Christophorus,Troyes,1996-07-29,41806247.0,F,6270937.05,19,100000271.0,1204.0,100729.0
R1369,Desiri,Dabling,1987-04-16,49117933.0,O,7367689.95,14,100000116.0,1375.0,100356.0
R1370,Rogerio,Folcarelli,2005-11-05,57685637.0,O,8652845.55,11,100000317.0,1107.0,100279.0
R1371,Colby,Labba,2008-04-27,32853055.0,F,4927958.25,30,100000480.0,1702.0,100064.0
R1372,Artair,Blockwell,2006-06-27,21016376.0,F,3152456.4,22,100000656.0,1050.0,100048.0
R1373,Chrissie,Whebell,1978-08-23,65222708.0,O,9783406.2,13,,1510.0,100655.0
R1374,Paulita,Peto,1984-01-22,14484458.0,M,2172668.7,14,100000716.0,1013.0,100097.0
R1375,Jessie,Spieck,2022-06-03,,M,,24,100000055.0,1411.0,100172.0
R1376,Carolyn,Tainton,2014-08-07,,M,,11,100000089.0,1395.0,100102.0
R1377,Sharla,Pailin,2006-04-07,99850276.0,O,14977541.4,21,,1502.0,100603.0
R1378,Teresita,Burle,2011-06-05,,M,,22,100000167.0,1006.0,100033.0
R1379,Klarika,Corkell,1983-07-14,64754782.0,M,9713217.3,29,100000552.0,1196.0,100051.0
R1380,Berkeley,Boldt,1981-04-20,27200566.0,O,4080084.9,25,100000241.0,1368.0,100235.0
R1381,Gabriel,Wedon,2004-08-24,93796061.0,M,14069409.15,13,100000114.0,1198.0,100632.0
R1382,Robbin,Handrik,2003-03-16,18035214.0,F,2705282.1,24,100000136.0,1522.0,100411.0
R1383,Liv,Dallimore,1975-10-10,1265409.0,F,189811.35,19,100000251.0,1088.0,100514.0
R1384,Editha,Bacchus,2018-06-12,,M,,11,,1652.0,
R1385,Rickey,Lacroux,1989-06-20,54966078.0,F,8244911.7,25,100000502.0,1618.0,100110.0
R1386,Ines,Cassells,2002-08-05,79884080.0,M,11982612.0,19,100000208.0,1348.0,
R1387,Stillmann,Croxton,2006-04-08,65362967.0,O,9804445.05,30,100000447.0,1130.0,100086.0
R1388,Hewet,Lyness,1984-12-12,45544596.0,F,6831689.4,22,,,100256.0
R1389,Ced,Fulks,1986-07-02,7700642.0,O,1155096.3,22,100000640.0,,100516.0
R1390,Dino,Gooderidge,1982-06-10,34132890.0,F,5119933.5,28,,1102.0,100074.0
R1391,Cross,Garrioch,1979-12-27,26326668.0,O,3949000.2,19,100000429.0,1180.0,100473.0
R1392,Delmore,Fernely,1980-04-20,69075902.0,F,10361385.3,19,100000179.0,1099.0,100667.0
R1393,Waring,Bastian,1989-09-27,90194327.0,M,13529149.05,18,,1371.0,100412.0
R1394,Janos,Blundel,2020-08-08,,M,,29,100000177.0,1190.0,100115.0
R1395,Farlee,Rosenhaus,1983-06-06,46333772.0,M,6950065.8,26,,1057.0,100616.0
R1396,Matthew,Hackworthy,2008-10-23,62405995.0,O,9360899.25,22,100000556.0,1225.0,100447.0
R1397,Archibald,McGahey,1998-02-15,795166.0,F,119274.9,30,100000069.0,1476.0,100472.0
R1398,Claribel,Mattiello,1977-08-24,22821785.0,O,3423267.75,18,100000488.0,1620.0,100634.0
R1399,Michail,Waliszek,2006-11-01,39964393.0,F,5994658.95,18,,1332.0,100440.0
R1400,Tatiana,Mitchley,1995-06-10,24987959.0,M,3748193.85,29,100000706.0,1366.0,100562.0
R1401,Kylynn,Larver,1977-12-31,5026819.0,F,754022.85,29,100000278.0,1367.0,100260.0
R1402,Egan,Haddrell,1978-02-02,26559573.0,O,3983935.95,20,100000407.0,1654.0,100595.0
R1403,Ram,Coughan,2004-12-22,44349448.0,,6652417.2,29,,1431.0,
R1404,Hasheem,Pogson,2001-12-03,36455885.0,M,5468382.75,21,,1701.0,100070.0
R1405,Derry,Wewell,1987-06-15,55220658.0,O,8283098.7,12,,,100398.0
R1406,Ambrosius,Britner,1993-07-28,32459835.0,O,4868975.25,22,100000703.0,1623.0,100553.0
R1407,Vale,Henrionot,2018-11-25,,F,,21,,1141.0,
R1408,Gusty,O Faherty,1978-09-04,94495422.0,M,14174313.3,20,,,100122.0
R1409,Amelie,Apple,2016-07-21,,O,,12,,1645.0,100269.0
R1410,Casandra,Sorrel,2007-05-13,12059190.0,F,1808878.5,13,100000530.0,1140.0,100692.0
R1411,Erina,Utting,2018-03-29,,M,,17,,1023.0,100638.0
R1412,Gerty,Maddison,2012-01-23,,O,,28,100000548.0,1019.0,100529.0
R1413,Elisha,Elener,2007-08-03,41807606.0,M,6271140.9,11,100000611.0,,100598.0
R1414,Olivia,Chadd,2019-01-31,,F,,15,100000255.0,1728.0,100538.0
R1415,Jacinthe,Weddeburn - Scrimgeour,2021-05-09,,M,,16,,1564.0,100245.0
R1416,Zack,Carlon,1984-01-03,20973553.0,O,3146032.95,22,,,100009.0
R1417,Sada,Guidi,1976-06-21,46909085.0,F,7036362.75,27,,1695.0,100507.0
R1418,Fancy,Betty,2015-05-22,,F,,29,100000357.0,1320.0,
R1419,Lissie,Cattenach,2018-05-11,,O,,17,,1623.0,
R1420,Conn,Towersey,2018-07-19,,O,,22,,,100386.0
R1421,Genvieve,Ewens,1988-12-25,91551924.0,O,13732788.6,23,100000533.0,1276.0,100564.0
R1422,Hasheem,Melody,1992-02-19,9236475.0,O,1385471.25,19,100000244.0,,100109.0
R1423,Jodie,Pottie,1988-08-29,72569547.0,M,10885432.05,20,,1156.0,100071.0
R1424,Pacorro,Fairrie,2011-10-24,,F,,16,100000517.0,,
R1425,Vivienne,Felten,1975-06-07,23745128.0,M,3561769.2,16,,1719.0,100455.0
R1426,Luciana,Onn,1991-09-13,85937723.0,O,12890658.45,12,100000613.0,1545.0,100187.0
R1427,Cahra,Abramsky,1981-02-07,48673397.0,O,7301009.55,17,100000203.0,1271.0,100176.0
R1428,Pace,Illesley,1996-01-21,81037026.0,O,12155553.9,13,,1051.0,100466.0
R1429,Polly,Windress,2023-07-01,,O,,30,100000668.0,1620.0,100473.0
R1430,West,Sandland,1996-01-27,64674949.0,O,9701242.35,15,100000256.0,,100289.0
R1431,Vera,Franciskiewicz,2014-05-15,,M,,24,100000690.0,1722.0,100010.0
R1432,Christian,Grumell,2004-07-28,67286002.0,F,10092900.3,20,,1019.0,
R1433,Gordon,Broughton,1996-06-05,47776144.0,M,7166421.6,22,100000592.0,1222.0,100114.0
R1434,Patten,Linay,2013-12-27,,M,,30,100000210.0,1157.0,100131.0
R1435,Marleah,Mordy,1977-07-05,90440335.0,O,13566050.25,22,100000695.0,1533.0,100073.0
R1436,Nolie,O Brian,2005-11-09,76168220.0,F,11425233.0,24,100000242.0,,
R1437,Shelia,Zavattero,1976-05-04,8895331.0,F,1334299.65,26,100000552.0,1478.0,100584.0
R1438,Pebrook,Izak,1998-10-29,9721950.0,M,1458292.5,26,,1625.0,100146.0
R1439,Langsdon,Nabarro,1993-08-24,91707417.0,F,13756112.55,28,100000631.0,1312.0,100312.0
R1440,Lauritz,Ricket,2021-02-06,,F,,19,100000217.0,1731.0,100587.0
R1441,Frederico,Hissie,1991-02-02,4396131.0,F,659419.65,18,100000694.0,1069.0,100618.0
R1442,Bessy,Konertz,2014-06-19,,O,,16,100000288.0,1388.0,
R1443,Rene,Shieber,1979-08-28,92612226.0,M,13891833.9,22,100000205.0,1330.0,100573.0
R1444,Margareta,Ghidelli,2000-03-25,32473455.0,O,4871018.25,11,100000113.0,1476.0,100478.0
R1445,Gretchen,Robbins,1986-09-08,60089168.0,M,9013375.2,25,100000663.0,1405.0,100390.0
R1446,Mariann,Agastina,1980-11-01,17484530.0,O,2622679.5,26,,1537.0,100207.0
R1447,Quintana,Dyball,1999-12-07,51847528.0,,7777129.2,20,100000266.0,1623.0,100636.0
R1448,Ardis,Haw,2006-01-07,76428420.0,O,11464263.0,21,,1218.0,100125.0
R1449,Brnaba,Ginglell,2003-05-17,99946866.0,M,14992029.9,12,100000608.0,1253.0,100447.0
R1450,Beryle,Santo,2020-09-27,,M,,26,,1278.0,100716.0
R1451,Gerianna,Caldaro,1995-08-25,19131528.0,F,2869729.2,25,100000408.0,1068.0,100245.0
R1452,Laurens,Geane,1987-02-03,24492911.0,F,3673936.65,15,,1653.0,100620.0
R1453,Sam,Curry,2011-06-16,,O,,11,100000410.0,,100615.0
R1454,Blane,Outlaw,1985-09-08,43950711.0,O,6592606.65,12,,1245.0,100498.0
R1455,Nessa,Stife,1982-10-02,12126175.0,O,1818926.25,21,,1266.0,100405.0
R1456,Ana,Bevans,1998-10-27,88021627.0,O,13203244.05,15,100000607.0,1188.0,100257.0
R1457,Burlie,Chick,2020-04-02,,O,,25,100000514.0,1455.0,100714.0
R1458,Vivianna,Power,2016-09-25,,O,,11,100000151.0,1212.0,100118.0
R1459,Maisey,Delafont,1981-08-18,24344702.0,M,3651705.3,18,100000181.0,1268.0,
R1460,Pattie,Muress,1983-06-08,6769364.0,M,1015404.6,26,,1077.0,100437.0
R1461,Reidar,Mea,1993-03-24,30810576.0,F,4621586.4,24,100000097.0,1123.0,100486.0
R1462,Bianca,Crossley,2006-02-07,41165419.0,M,6174812.85,23,100000174.0,1356.0,
R1463,Corie,Selcraig,2023-08-29,,O,,24,,1047.0,100731.0
R1464,Wayland,Everleigh,2015-04-24,,F,,13,100000103.0,1018.0,100117.0
R1465,Angie,Jamrowicz,2021-10-21,,O,,26,100000170.0,1364.0,100252.0
R1466,Nevil,Mixer,1990-09-26,7399995.0,F,1109999.25,19,,1289.0,100009.0
R1467,Theodore,Radbourne,2008-11-15,40320171.0,,6048025.65,12,,1532.0,100641.0
R1468,Klaus,Magarrell,2002-02-09,83537510.0,M,12530626.5,26,100000625.0,1079.0,100435.0
R1469,Josepha,Wissby,1986-10-20,3486261.0,M,522939.15,11,,1132.0,
R1470,Neale,Pietersen,2021-09-22,,F,,24,100000414.0,1640.0,
R1471,Berkie,Berks,1986-04-24,68982521.0,F,10347378.15,26,100000331.0,1661.0,
R1472,Merry,Boyle,1993-11-25,31291089.0,F,4693663.35,17,,1529.0,100593.0
R1473,Kelwin,Gierke,1992-01-05,93940491.0,M,14091073.65,13,100000335.0,1054.0,100494.0
R1474,Garvin,Tampion,1995-07-16,58690365.0,M,8803554.75,18,,1020.0,100610.0
R1475,Lynnet,McArdle,1979-05-28,35621821.0,F,5343273.15,30,,1299.0,100546.0
R1476,Saloma,Theobalds,1994-11-10,65405530.0,O,9810829.5,21,,1137.0,100455.0
R1477,Annetta,Sonley,1989-02-02,73358420.0,M,11003763.0,29,,,100380.0
R1478,Ellis,Todaro,2019-03-18,,M,,19,,1097.0,
R1479,Janifer,Stentiford,1989-08-12,63278982.0,O,9491847.3,23,100000308.0,1458.0,100493.0
R1480,Dev,Van der Krui,2009-03-21,,F,,27,,,
R1481,Kirby,Gerritzen,1991-10-20,34679073.0,F,5201860.95,19,100000661.0,1558.0,
R1482,Olenka,Adran,1979-10-11,7208923.0,O,1081338.45,11,100000253.0,1523.0,100603.0
R1483,Beilul,Scruby,1996-03-21,21553006.0,M,3232950.9,20,100000546.0,1639.0,
R1484,Axel,Laxen,2022-01-04,,F,,20,,1395.0,
R1485,Thurstan,Dorbon,1988-01-02,60237115.0,M,9035567.25,30,,1177.0,
R1486,Ricardo,Mines,1981-03-29,99772814.0,F,14965922.1,16,100000700.0,1520.0,100295.0
R1487,Zorine,Ashfull,2021-08-29,,F,,28,100000586.0,1620.0,100238.0
R1488,Stefan,Margerison,2021-01-10,,F,,24,,1298.0,100433.0
R1489,Happy,McMickan,2011-09-02,,F,,16,100000524.0,1262.0,100642.0
R1490,Betsey,Huxham,1988-10-08,91714851.0,O,13757227.65,12,100000412.0,1217.0,100029.0
R1491,Lacee,Konrad,2019-08-24,,M,,20,,1473.0,
R1492,Elihu,Newiss,2000-02-08,29724586.0,,4458687.9,16,100000683.0,,100211.0
R1493,Aggy,Boule,1994-10-07,62025694.0,O,9303854.1,22,100000492.0,1340.0,100641.0
R1494,Jermayne,Ilive,2019-08-20,,F,,18,100000035.0,1712.0,100560.0
R1495,Ethelbert,Renny,2010-12-25,,O,,22,100000309.0,1028.0,
R1496,Felipa,Najara,2002-10-28,16609869.0,M,2491480.35,27,100000425.0,1128.0,100062.0
R1497,Quintin,Loadman,2002-07-13,8616302.0,O,1292445.3,14,100000127.0,1664.0,
R1498,Hannah,Yakubov,2019-08-06,,F,,26,100000363.0,1532.0,100471.0
R1499,Normie,Denington,2014-07-01,,M,,25,,1324.0,
R1500,Anderea,Orgill,1987-01-01,63928960.0,O,9589344.0,17,100000118.0,1303.0,100340.0
R1501,Danya,Bartels,1998-05-08,75664654.0,M,11349698.1,26,100000384.0,1705.0,100493.0
R1502,Frederick,Sangar,2014-09-27,,F,,18,,1092.0,
R1503,Noell,Prewer,2019-02-25,,O,,23,100000110.0,1168.0,100647.0
R1504,Ameline,Clist,2002-04-08,86775139.0,F,13016270.85,20,100000329.0,1113.0,100428.0
R1505,Jami,Brislane,2000-01-07,53846690.0,M,8077003.5,26,100000384.0,1222.0,100515.0
R1506,Anthea,Belchamber,1986-02-23,18412240.0,F,2761836.0,12,100000586.0,1195.0,100581.0
R1507,Peggy,Ghelardoni,2007-03-31,9870107.0,M,1480516.05,13,,1246.0,100316.0
R1508,Gratiana,Coyne,1980-08-03,39677066.0,O,5951559.9,17,,1023.0,100068.0
R1509,Augustine,Plows,1978-06-13,62809557.0,O,9421433.55,14,,1022.0,100525.0
R1510,Marya,Gritsaev,2011-11-29,,M,,16,100000046.0,,100129.0
R1511,Lanie,Dami,1997-03-23,42809064.0,,6421359.6,12,100000213.0,,100309.0
R1512,Stephana,Sturdey,2022-09-18,,F,,28,100000566.0,1527.0,100206.0
R1513,Perla,Wherry,2013-01-31,,F,,15,,1210.0,100660.0
R1514,Dillie,Atthowe,2006-02-21,39923483.0,O,5988522.45,22,,1199.0,100175.0
R1515,Der,Brigstock,2001-03-02,27276270.0,O,4091440.5,17,100000337.0,1193.0,100091.0
R1516,Abbott,Cremin,2020-05-09,,F,,29,100000656.0,1541.0,100346.0
R1517,Bogey,Flounders,2007-01-06,53925545.0,F,8088831.75,21,100000630.0,1650.0,100145.0
R1518,Gloriane,Biddle,1989-12-19,21014835.0,O,3152225.25,12,100000595.0,1054.0,100660.0
R1519,Khalil,Andras,2011-05-15,,O,,29,100000557.0,1291.0,100387.0
R1520,Franzen,Fanthome,1977-09-08,32963255.0,O,4944488.25,14,,1503.0,100387.0
R1521,Hamel,Blencoe,1983-11-05,30225969.0,O,4533895.35,13,,1195.0,
R1522,Ray,Fysh,2010-10-24,,M,,28,100000176.0,1392.0,100489.0
R1523,Lorene,Brampton,1991-06-08,69489752.0,O,10423462.8,18,100000581.0,1586.0,100566.0
R1524,Andris,Dunning,1999-10-26,61999656.0,F,9299948.4,12,100000260.0,1179.0,
R1525,Ross,Veeler,1975-07-04,55634901.0,M,8345235.15,28,,1041.0,100585.0
R1526,Rheba,McMinn,2003-12-25,94360824.0,F,14154123.6,26,100000043.0,1578.0,100239.0
R1527,Merrili,Readie,1997-04-20,44463240.0,O,6669486.0,24,,1476.0,100690.0
R1528,Viviyan,Pancast,2019-01-14,,F,,24,,1723.0,100141.0
R1529,Trip,Crone,1979-02-17,60790130.0,F,9118519.5,18,,1158.0,
R1530,Esteban,Wilacot,2023-05-23,,M,,14,100000444.0,1081.0,100491.0
R1531,Olympia,Giacovetti,1998-01-18,48452875.0,O,7267931.25,25,,,
R1532,Cherilyn,Marriott,2019-10-28,,F,,14,100000283.0,1408.0,100417.0
R1533,Colan,Pettifer,1998-12-31,64314362.0,F,9647154.3,20,100000384.0,1213.0,100555.0
R1534,Darbee,Pride,1987-09-01,58505560.0,F,8775834.0,24,,1586.0,100121.0
R1535,Aurora,Mell,2022-10-26,,M,,24,,,
R1536,Lizzy,Tutton,1990-08-12,2701452.0,M,405217.8,19,,1592.0,
R1537,Flo,Gyford,1996-04-13,14123958.0,M,2118593.7,12,100000048.0,1171.0,100535.0
R1538,Taffy,Fort,1996-06-16,70574989.0,F,10586248.35,12,100000361.0,1647.0,100554.0
R1539,Jany,Louis,1995-12-24,9444595.0,O,1416689.25,12,100000039.0,1177.0,100633.0
R1540,Maurise,Grubbe,1999-09-08,9053788.0,F,1358068.2,22,100000065.0,1392.0,100628.0
R1541,Carrol,Giovanetti,1985-12-14,54417010.0,M,8162551.5,27,100000074.0,1470.0,100024.0
R1542,Rowen,Dudson,2006-09-15,88361362.0,F,13254204.3,22,100000379.0,1051.0,100571.0
R1543,Shanta,Machen,2007-09-23,86787707.0,F,13018156.05,30,,1060.0,100162.0
R1544,Coralyn,Halbard,2013-03-14,,M,,15,100000599.0,1355.0,100155.0
R1545,Stormi,Kyllford,1987-06-14,31474398.0,F,4721159.7,23,100000549.0,1464.0,100564.0
R1546,Horatius,Gammet,1992-01-15,21528897.0,F,3229334.55,19,100000473.0,1054.0,
R1547,Valentino,Averill,1978-07-28,32364622.0,F,4854693.3,14,100000530.0,1182.0,100643.0
R1548,Aguistin,Wadley,1984-03-24,33029058.0,,4954358.7,26,100000577.0,1487.0,100630.0
R1549,Tricia,Getten,1992-02-22,55165801.0,O,8274870.15,11,100000276.0,1175.0,
R1550,Franny,McInnes,1976-07-12,83942347.0,F,12591352.05,25,100000497.0,1582.0,
R1551,Aurel,de Courcy,2005-09-01,33708805.0,O,5056320.75,18,100000347.0,1242.0,100336.0
R1552,Tobias,Dunmore,2009-09-19,,F,,18,100000506.0,1670.0,
R1553,Shaylynn,Fitzpayn,2011-07-10,,,,28,100000564.0,1717.0,100529.0
R1554,Revkah,Dudbridge,1982-09-20,19732310.0,M,2959846.5,24,100000546.0,1643.0,100019.0
R1555,Carleton,Whichelow,2000-04-29,61649979.0,M,9247496.85,19,,1108.0,100358.0
R1556,Bernette,Jubb,1987-07-03,1820278.0,M,273041.7,21,100000692.0,1489.0,100704.0
R1557,Krishnah,Setterthwait,1992-03-04,90070338.0,M,13510550.7,30,,1690.0,100048.0
R1558,Juliann,Honywill,2000-12-04,14313533.0,M,2147029.95,23,,1052.0,100151.0
R1559,Hersh,Duiguid,2021-01-05,,M,,29,,1041.0,100510.0
R1560,Ricardo,Blamphin,2024-09-21,,O,,23,,1570.0,100087.0
R1561,Sandor,Abdey,1999-01-03,2964481.0,O,444672.15,30,100000493.0,1436.0,100485.0
R1562,Laryssa,Batchelder,1996-08-12,99661173.0,M,14949175.95,14,100000569.0,1418.0,
R1563,Naomi,Nutting,1991-11-27,38481755.0,F,5772263.25,19,,1207.0,100232.0
R1564,Nancie,Berthel,2000-02-22,90609927.0,M,13591489.05,20,,1507.0,100604.0
R1565,Ephrayim,Clymo,1975-03-23,50068461.0,F,7510269.15,11,100000411.0,1426.0,100230.0
R1566,Yanaton,Lazare,2001-02-08,4760062.0,M,714009.3,28,100000140.0,1675.0,
R1567,Leoine,Jemmison,1986-03-05,68905648.0,F,10335847.2,24,,1359.0,100338.0
R1568,Joscelin,Dreinan,2010-09-23,,O,,14,100000477.0,1461.0,100483.0
R1569,Pepito,Mardell,1981-07-27,80007639.0,M,12001145.85,30,100000353.0,1233.0,100070.0
R1570,Martita,Sexten,1977-01-01,37476436.0,M,5621465.4,29,100000252.0,1129.0,100558.0
R1571,Ingra,Mc Comb,2024-03-19,,O,,20,,1361.0,100213.0
R1572,Cecil,Tzarkov,1984-07-16,73547145.0,M,11032071.75,20,100000593.0,1497.0,100640.0
R1573,Retha,Bertwistle,1977-08-04,95160168.0,F,14274025.2,17,100000095.0,1226.0,100220.0
R1574,Verina,Helstrip,2008-01-30,65042999.0,M,9756449.85,13,100000598.0,1135.0,
R1575,Kristina,Surtees,1987-11-04,7173972.0,F,1076095.8,24,,1403.0,100435.0
R1576,Darwin,Davidow,2023-05-07,,F,,23,100000320.0,1319.0,100667.0
R1577,Skippie,Conaghy,1987-02-01,36002224.0,O,5400333.6,12,,1434.0,100322.0
R1578,Homere,D Ambrosi,2020-03-07,,M,,26,100000109.0,1618.0,100028.0
R1579,Gisele,Syseland,2001-01-13,91920683.0,O,13788102.45,11,100000363.0,1547.0,100537.0
R1580,Ettie,Halsall,1977-08-20,75493627.0,M,11324044.05,19,100000429.0,1016.0,100006.0
R1581,Weider,McMakin,2009-10-01,,M,,22,100000279.0,1272.0,100628.0
R1582,Tess,Goldstraw,2006-10-06,82084592.0,,12312688.8,24,,1230.0,
R1583,Lenna,Skures,1979-03-03,57822222.0,M,8673333.3,25,100000232.0,1402.0,100264.0
R1584,Mathilde,Holberry,2012-06-06,,O,,26,100000499.0,1590.0,100560.0
R1585,Sergio,Seiler,2007-07-09,44138846.0,M,6620826.9,13,100000350.0,1190.0,100277.0
R1586,Casey,Barette,2019-03-14,,O,,17,,1522.0,100664.0
R1587,Elfrieda,Richarson,1984-04-13,23608136.0,F,3541220.4,29,,1411.0,100079.0
R1588,Rose,Lumm,2007-10-06,25659979.0,F,3848996.85,27,100000677.0,1675.0,
R1589,Leola,Golsthorp,1987-06-27,86065782.0,O,12909867.3,22,,1484.0,
R1590,Leo,Shales,1987-10-24,10478410.0,O,1571761.5,14,100000402.0,1281.0,100161.0
R1591,Simmonds,Ledeker,2017-10-07,,M,,15,,1368.0,100039.0
R1592,Brewer,Rawsen,2016-01-02,,M,,30,100000303.0,1496.0,100587.0
R1593,Belle,Arnaudot,1987-09-08,94840107.0,F,14226016.05,11,100000258.0,1725.0,100220.0
R1594,Percy,Handrock,1978-01-10,59533248.0,F,8929987.2,14,100000459.0,1545.0,
R1595,Sarina,Kinnie,1994-04-30,14230808.0,F,2134621.2,16,100000344.0,1533.0,
R1596,Danie,Grelik,1998-01-20,54903514.0,M,8235527.1,18,,1367.0,100181.0
R1597,Emylee,Rembrant,1988-07-21,28496058.0,O,4274408.7,30,,,100167.0
R1598,Cirilo,Serrurier,2000-07-26,18137915.0,O,2720687.25,27,,1476.0,100050.0
R1599,Adeline,Kell,2008-08-17,24034648.0,,3605197.2,11,,1724.0,100608.0
R1600,Ricki,Fullilove,1979-02-17,75857638.0,M,11378645.7,17,100000343.0,1477.0,
R1601,Theresita,Jaquin,1984-10-30,25894266.0,O,3884139.9,22,,1111.0,100310.0
R1602,Jed,Carp,1994-07-20,68485088.0,M,10272763.2,20,,,100579.0
R1603,Waylin,Milson,2019-09-02,,M,,23,,1373.0,100705.0
R1604,Gayler,Szymczyk,2009-12-06,,M,,22,,1706.0,100377.0
R1605,Royce,Thunderman,1997-04-07,82982318.0,O,12447347.7,17,100000470.0,1697.0,100330.0
R1606,Gregorio,Curcher,2020-09-14,,F,,13,,1660.0,100371.0
R1607,Clem,Stud,2005-09-30,5309898.0,O,796484.7,13,,1075.0,100674.0
R1608,Feodora,Worboy,2014-06-03,,O,,25,100000257.0,1277.0,100716.0
R1609,Joannes,Tuther,2009-04-19,,M,,13,,1253.0,100475.0
R1610,Adan,Balsellie,1977-12-27,32757837.0,M,4913675.55,24,100000346.0,1698.0,100048.0
R1611,Josias,Meads,2009-03-28,,F,,11,100000240.0,1164.0,100531.0
R1612,Philip,Bodycombe,2000-06-21,7382798.0,F,1107419.7,21,100000293.0,1362.0,100440.0
R1613,Ayn,Lipprose,1992-07-21,99869514.0,O,14980427.1,16,,1509.0,100498.0
R1614,Rudd,Neasam,2014-03-01,,O,,22,,1339.0,100180.0
R1615,Griswold,Tremmil,2013-11-28,,F,,28,100000240.0,1504.0,100510.0
R1616,Homer,Narramore,2008-03-06,60657303.0,,9098595.45,25,100000720.0,1305.0,
R1617,Gerianna,Lancley,2011-05-05,,O,,11,,,100448.0
R1618,Nestor,Bampkin,2023-11-26,,O,,24,100000481.0,1292.0,100207.0
R1619,Nilson,Ilyuchyov,1985-07-11,87321200.0,M,13098180.0,16,,1655.0,100115.0
R1620,Arlina,Mounsie,1999-08-01,17222709.0,O,2583406.35,25,,1380.0,100402.0
R1621,Prentiss,Singh,1998-04-23,41995725.0,F,6299358.75,27,,1349.0,100665.0
R1622,Maurine,Eudall,2019-04-11,,F,,16,,1279.0,100086.0
R1623,Codi,Budgen,2022-07-28,,F,,28,,1221.0,100481.0
R1624,Marlo,Blanckley,2018-08-24,,O,,11,100000593.0,1344.0,100230.0
R1625,Winifred,Ling,2005-08-31,3264438.0,O,489665.7,11,100000253.0,1166.0,100716.0
R1626,Jenny,Baily,1978-12-17,504854.0,O,75728.1,11,100000570.0,1548.0,100302.0
R1627,Troy,Hearnah,2019-02-08,,O,,17,,1183.0,100498.0
R1628,Ulysses,Methringham,1987-12-03,98575526.0,F,14786328.9,26,100000373.0,1503.0,100499.0
R1629,Aubree,O Cahsedy,2018-04-11,,M,,17,100000092.0,1310.0,100500.0
R1630,Antin,Chrestien,1994-03-02,93166903.0,O,13975035.45,26,,,100322.0
R1631,June,Skipsey,2017-10-25,,F,,18,,,100102.0
R1632,Guenna,Donavan,2003-08-11,49542051.0,F,7431307.65,17,100000645.0,1684.0,
R1633,Rheba,Resdale,1988-10-13,8492447.0,F,1273867.05,14,,1592.0,100310.0
R1634,Giselbert,Chung,1986-10-01,13334146.0,O,2000121.9,13,,1101.0,100439.0
R1635,Arni,Salters,1990-12-20,55573121.0,F,8335968.15,23,100000361.0,1522.0,100080.0
R1636,Dell,Jezard,2005-11-29,71793745.0,M,10769061.75,29,100000283.0,1219.0,100250.0
R1637,Opalina,Dewhurst,2021-06-01,,,,18,100000180.0,1010.0,100505.0
R1638,Olav,Youster,2001-06-21,84130844.0,O,12619626.6,11,100000447.0,1494.0,100504.0
R1639,Ogden,Fair,1981-07-22,82689642.0,M,12403446.3,13,100000728.0,1435.0,100076.0
R1640,Farlay,McCall,2010-10-02,,F,,16,100000387.0,,100584.0
R1641,Gustaf,Pregal,2017-02-07,,M,,28,100000187.0,1416.0,100618.0
R1642,Herculie,Demaine,1990-11-26,30628170.0,M,4594225.5,16,100000069.0,1612.0,
R1643,Padraic,Schruur,1990-09-29,85024330.0,O,12753649.5,23,100000039.0,1684.0,100118.0
R1644,Joela,Umpleby,1976-01-08,89234143.0,M,13385121.45,21,100000474.0,1118.0,100131.0
R1645,Johnnie,Beeby,2022-06-30,,M,,19,,1437.0,100466.0
R1646,Calv,Cirlos,1997-04-02,82019886.0,M,12302982.9,29,,1580.0,
R1647,Basil,Woolbrook,2014-01-04,,M,,18,100000613.0,1014.0,100229.0
R1648,Lyon,Shurville,2000-12-27,2751999.0,M,412799.85,18,100000228.0,1351.0,100218.0
R1649,Sheryl,Guillet,2003-01-15,56522523.0,O,8478378.45,12,,1357.0,100147.0
R1650,Filip,Keymar,1991-09-14,59509716.0,M,8926457.4,19,100000692.0,1022.0,
R1651,Andrej,Kimpton,1976-12-21,89932152.0,F,13489822.8,14,,1350.0,100552.0
R1652,Kessiah,Gash,2024-01-14,,F,,27,,1617.0,
R1653,Karly,Biset,2023-12-03,,F,,11,,1489.0,100545.0
R1654,Winny,Edworthie,1981-07-18,72396676.0,F,10859501.4,29,100000458.0,1441.0,100025.0
R1655,Nonie,Kiddye,2001-09-29,6139980.0,F,920997.0,15,100000075.0,1622.0,100157.0
R1656,Novelia,Rudkin,1989-06-21,34431220.0,O,5164683.0,23,,1681.0,
R1657,Sergei,Vlasov,1993-11-30,2665698.0,F,399854.7,25,,1662.0,100614.0
R1658,Augustina,M Quhan,2018-07-03,,F,,28,100000659.0,1038.0,100178.0
R1659,Brittan,Annetts,2015-06-25,,F,,12,,1641.0,100440.0
R1660,Rodney,Yardy,1995-02-16,45537882.0,M,6830682.3,20,100000668.0,1323.0,100699.0
R1661,Riva,L oiseau,1997-05-17,73343625.0,O,11001543.75,11,100000390.0,1675.0,
R1662,Rustie,Corkan,1978-12-08,70217091.0,M,10532563.65,30,,1175.0,100584.0
R1663,Bren,Guichard,2020-11-28,,O,,28,100000116.0,1240.0,100688.0
R1664,Horten,McCome,2003-03-12,69990759.0,M,10498613.85,26,,1491.0,100235.0
R1665,Tobe,Carwardine,2018-03-12,,O,,18,100000580.0,1494.0,100373.0
R1666,Lou,Fabbro,2018-03-01,,F,,16,,1265.0,100271.0
R1667,Ardys,Perkinson,2022-03-25,,F,,15,100000696.0,1007.0,100419.0
R1668,Marjie,Dunnet,2018-05-16,,O,,20,100000312.0,1572.0,100605.0
R1669,Kassie,Menear,1978-02-18,93680147.0,M,14052022.05,21,,1179.0,100218.0
R1670,Matti,Wraxall,1991-10-28,80713254.0,F,12106988.1,29,100000200.0,1361.0,100215.0
R1671,Yulma,Demetr,2002-07-21,44785934.0,F,6717890.1,25,,1128.0,100706.0
R1672,Stephani,Kimbrey,1986-10-30,20468558.0,O,3070283.7,15,,1177.0,100281.0
R1673,Chrystal,Willerstone,1998-01-25,58633053.0,M,8794957.95,23,100000714.0,1553.0,100670.0
R1674,Wainwright,Stansfield,2019-05-30,,M,,24,100000049.0,1062.0,100029.0
R1675,Lovell,Shire,2021-12-16,,M,,22,,1102.0,100265.0
R1676,Hubey,Downage,1990-08-29,68175097.0,O,10226264.55,30,100000237.0,1230.0,100082.0
R1677,Ephrem,Yellowlea,2020-07-05,,F,,16,,1457.0,100114.0
R1678,Angele,Ravenshear,2001-04-29,89376565.0,M,13406484.75,18,,1368.0,100175.0
R1679,Donnamarie,Petrovsky,1985-04-28,86488420.0,M,12973263.0,27,100000681.0,,100570.0
R1680,Brod,Zaczek,2012-09-11,,F,,17,100000117.0,,100465.0
R1681,Emanuel,Andreazzi,2022-08-16,,M,,20,100000506.0,1459.0,100708.0
R1682,Matelda,Rugge,2010-12-01,,M,,15,100000057.0,1501.0,100266.0
R1683,Nataline,Widdows,2006-10-23,47308972.0,M,7096345.8,22,,1378.0,100517.0
R1684,Oliver,Wyburn,2012-03-24,,F,,22,100000554.0,1243.0,100295.0
R1685,Pet,Baal,1989-02-25,32467946.0,F,4870191.9,16,100000066.0,1695.0,100721.0
R1686,Casie,Keningham,1998-01-26,26503200.0,M,3975480.0,18,100000047.0,,100401.0
R1687,Haily,Foch,1981-09-19,16855541.0,M,2528331.15,24,,,100113.0
R1688,Claudius,Wardhough,2015-01-13,,O,,18,100000615.0,1449.0,100018.0
R1689,Malynda,Beinke,2010-08-01,,O,,13,,1553.0,100667.0
R1690,Corrianne,Schanke,2006-05-06,759151.0,O,113872.65,21,,1617.0,100502.0
R1691,Ailene,Courtes,1995-06-22,25741658.0,M,3861248.7,29,100000082.0,1715.0,100376.0
R1692,Asia,Sedgeworth,2010-03-12,,O,,17,100000579.0,1061.0,100382.0
R1693,Merridie,Hafner,1977-11-28,81695199.0,,12254279.85,19,100000631.0,1137.0,100525.0
R1694,Sophey,Turfus,2016-10-14,,M,,15,,1164.0,100406.0
R1695,Annamarie,Passo,1988-07-18,57233060.0,F,8584959.0,13,100000246.0,,100577.0
R1696,Bellanca,Lacaze,1999-04-05,70091413.0,O,10513711.95,25,100000306.0,1605.0,100516.0
R1697,Carlina,Petracchi,2020-08-06,,M,,21,,,100585.0
R1698,Codie,Di Biagi,2004-05-19,70608674.0,O,10591301.1,12,100000204.0,1037.0,100472.0
R1699,Halley,Houldcroft,2022-11-16,,M,,28,,1103.0,100422.0
R1700,Natasha,Rickertsen,2002-11-28,53451809.0,O,8017771.35,23,,,
R1701,Shelbi,Sleight,2017-06-07,,F,,17,100000101.0,1263.0,100596.0
R1702,Bibi,Souch,1995-09-09,35047371.0,O,5257105.65,11,100000231.0,1283.0,
R1703,Lauretta,Isitt,1985-11-08,38953490.0,O,5843023.5,26,,1597.0,100042.0
R1704,Alanna,Casiero,2002-04-02,27408995.0,O,4111349.25,29,100000281.0,1583.0,100230.0
R1705,Maud,Sutter,1998-06-16,75691798.0,M,11353769.7,27,,1459.0,100026.0
R1706,Konstantine,Cancutt,2023-04-26,,F,,28,100000497.0,1379.0,
R1707,Merwin,Croal,1978-08-05,23832337.0,F,3574850.55,27,100000368.0,,100595.0
R1708,Pavlov,Zouch,2022-11-21,,M,,17,,1281.0,100359.0
R1709,Aaren,Skoate,2011-02-26,,M,,18,,1622.0,100287.0
R1710,Edlin,Bewlay,1996-12-10,83653651.0,M,12548047.65,13,100000053.0,,100051.0
R1711,Arnold,Dohr,1999-11-16,43048148.0,F,6457222.2,30,100000188.0,,100423.0
R1712,Dorella,Tibbetts,2009-07-25,,M,,30,,,100388.0
R1713,Lorant,Giraldez,1990-10-27,6545706.0,O,981855.9,27,,1476.0,100726.0
R1714,Mufinella,Harkess,1977-02-10,90880352.0,O,13632052.8,24,100000305.0,1501.0,100318.0
R1715,Artemus,Domleo,2001-01-21,78253235.0,O,11737985.25,13,100000400.0,1645.0,100402.0
R1716,Leonard,Studdal,2017-04-03,,O,,24,100000141.0,1479.0,100223.0
R1717,Keriann,Juan,2002-04-16,58587918.0,O,8788187.7,27,100000730.0,1309.0,100016.0
R1718,Britney,Graveney,1982-06-29,35468191.0,F,5320228.65,18,,,100266.0
R1719,Gretchen,Oliff,2012-12-01,,F,,20,100000059.0,1116.0,
R1720,Edik,Blaschek,1987-09-05,29057380.0,M,4358607.0,20,100000642.0,1368.0,
R1721,Esra,Kyles,2001-05-11,65923384.0,O,9888507.6,26,100000127.0,1600.0,100543.0
R1722,Dix,Tappor,2001-01-13,98986156.0,F,14847923.4,17,,1456.0,100310.0
R1723,Mohammed,Bothbie,1980-06-26,74659924.0,M,11198988.6,16,100000368.0,1458.0,
R1724,Kelsy,Wilmut,2022-08-28,,F,,18,,1400.0,100528.0
R1725,Latrena,Masdon,1986-03-13,53738181.0,O,8060727.15,28,100000497.0,1239.0,100366.0
R1726,Manon,Hackworth,2004-03-06,40690475.0,O,6103571.25,14,,1529.0,100340.0
R1727,Guillema,McGorley,2019-11-05,,M,,27,100000436.0,1048.0,
R1728,Peri,Lancastle,1998-02-05,18095145.0,M,2714271.75,19,100000544.0,1620.0,100181.0
R1729,Pepito,Kmieciak,1988-03-11,29699713.0,F,4454956.95,11,100000024.0,1563.0,100317.0
R1730,Janos,Vasiljevic,2014-06-29,,F,,29,100000355.0,1090.0,100170.0
R1731,Lock,Clubley,2008-11-10,37444999.0,M,5616749.85,26,100000564.0,,100587.0
